FS,Date
0.157419787,17/06/2000
0.155448085,18/06/2000
0.156268032,19/06/2000
0.16074787,20/06/2000
0.166325001,21/06/2000
0.17269956,22/06/2000
0.173178121,23/06/2000
0.173873499,24/06/2000
0.175179245,25/06/2000
0.177327134,26/06/2000
0.180420834,27/06/2000
0.189721703,28/06/2000
0.198592629,29/06/2000
0.206589256,30/06/2000
0.212789128,01/07/2000
0.218528109,02/07/2000
0.2251757,03/07/2000
0.232745285,04/07/2000
0.239978163,05/07/2000
0.246848703,06/07/2000
0.25365543,07/07/2000
0.260451201,08/07/2000
0.268039426,09/07/2000
0.276776989,10/07/2000
0.285801197,11/07/2000
0.293639529,12/07/2000
0.300732455,13/07/2000
0.308429977,14/07/2000
0.317262129,15/07/2000
0.325834403,16/07/2000
0.334114367,17/07/2000
0.342751396,18/07/2000
0.352007409,19/07/2000
0.361493093,20/07/2000
0.370824698,21/07/2000
0.379632708,22/07/2000
0.388415781,23/07/2000
0.397226066,24/07/2000
0.40585272,25/07/2000
0.414093643,26/07/2000
0.421903169,27/07/2000
0.429872452,28/07/2000
0.437330551,29/07/2000
0.444088805,30/07/2000
0.450537741,31/07/2000
0.456466084,01/08/2000
0.461521284,02/08/2000
0.465771248,03/08/2000
0.470692131,04/08/2000
0.475199856,05/08/2000
0.479238893,06/08/2000
0.481873786,07/08/2000
0.482806989,08/08/2000
0.482635327,09/08/2000
0.481901671,10/08/2000
0.483731307,11/08/2000
0.485343103,12/08/2000
0.486585978,13/08/2000
0.487298793,14/08/2000
0.48464085,15/08/2000
0.479483046,16/08/2000
0.473555688,17/08/2000
0.46710672,18/08/2000
0.460383636,19/08/2000
0.45593969,20/08/2000
0.452352537,21/08/2000
0.447582045,22/08/2000
0.439375778,23/08/2000
0.430829497,24/08/2000
0.423927433,25/08/2000
0.417440046,26/08/2000
0.410201348,27/08/2000
0.402249841,28/08/2000
0.392629156,29/08/2000
0.382040248,30/08/2000
0.372338134,31/08/2000
0.362779297,01/09/2000
0.352750801,02/09/2000
0.341678763,03/09/2000
0.330118894,04/09/2000
0.31864314,05/09/2000
0.307655013,06/09/2000
0.296358074,07/09/2000
0.284750681,08/09/2000
0.273207702,09/09/2000
0.262152892,10/09/2000
0.251439262,11/09/2000
0.241101342,12/09/2000
0.23090792,13/09/2000
0.221023843,14/09/2000
0.211329376,15/09/2000
0.202006366,16/09/2000
0.193087031,17/09/2000
0.183735617,18/09/2000
0.173944604,19/09/2000
0.163953857,20/09/2000
0.154090357,21/09/2000
0.146161603,22/09/2000
0.138551408,23/09/2000
0.131228065,24/09/2000
0.121799641,25/09/2000
0.110927167,26/09/2000
0.099567054,27/09/2000
0.089436678,28/09/2000
0.08362914,29/09/2000
0.078095454,30/09/2000
0.072815778,01/10/2000
0.067755292,02/10/2000
0.061772309,03/10/2000
0.053045706,04/10/2000
0.045300251,05/10/2000
0.038759479,06/10/2000
0.034917848,07/10/2000
0.031991325,08/10/2000
0.029443752,09/10/2000
0.027211293,10/10/2000
0.025201396,11/10/2000
0.022903947,12/10/2000
0.020126945,13/10/2000
0.018456957,14/10/2000
0.018076859,15/10/2000
0.018428676,16/10/2000
0.017904468,17/10/2000
0.017641512,18/10/2000
0.017590345,19/10/2000
0.017643832,20/10/2000
0.019312485,21/10/2000
0.021988469,22/10/2000
0.024948159,23/10/2000
0.025472744,24/10/2000
0.025486475,25/10/2000
0.025510832,26/10/2000
0.025503777,27/10/2000
0.026191693,28/10/2000
0.028070617,29/10/2000
0.029168874,30/10/2000
0.029503938,31/10/2000
0.029334297,01/11/2000
0.029230189,02/11/2000
0.029290825,03/11/2000
0.029271116,04/11/2000
0.029158571,05/11/2000
0.029071766,06/11/2000
0.029106406,07/11/2000
0.029249348,08/11/2000
0.029369322,09/11/2000
0.029322603,10/11/2000
0.029246382,11/11/2000
0.029128693,12/11/2000
0.028983654,13/11/2000
0.029330412,14/11/2000
0.029810221,15/11/2000
0.030322665,16/11/2000
0.030840009,17/11/2000
0.031342953,18/11/2000
0.031822113,19/11/2000
0.032274769,20/11/2000
0.032563658,21/11/2000
0.032920903,22/11/2000
0.033418335,23/11/2000
0.033977913,24/11/2000
0.034564096,25/11/2000
0.035176144,26/11/2000
0.035798604,27/11/2000
0.036593921,28/11/2000
0.037615143,29/11/2000
0.038858547,30/11/2000
0.040300397,01/12/2000
0.041876411,02/12/2000
0.042690731,03/12/2000
0.043310896,04/12/2000
0.043830159,05/12/2000
0.045184276,06/12/2000
0.04661741,07/12/2000
0.046991496,08/12/2000
0.047106344,09/12/2000
0.047120962,10/12/2000
0.04801064,11/12/2000
0.048881549,12/12/2000
0.04954872,13/12/2000
0.04971494,14/12/2000
0.049293195,15/12/2000
0.048838235,16/12/2000
0.048377885,17/12/2000
0.048484716,18/12/2000
0.048563067,19/12/2000
0.048527445,20/12/2000
0.048219269,21/12/2000
0.047633846,22/12/2000
0.047070503,23/12/2000
0.046535405,24/12/2000
0.046034428,25/12/2000
0.045568861,26/12/2000
0.045136243,27/12/2000
0.044731858,28/12/2000
0.044368991,29/12/2000
0.043998858,30/12/2000
0.043562852,01/01/2001
0.043055783,02/01/2001
0.042476964,03/01/2001
0.04191783,04/01/2001
0.041462005,05/01/2001
0.040983506,06/01/2001
0.04029306,07/01/2001
0.039536802,08/01/2001
0.038861998,09/01/2001
0.038304007,10/01/2001
0.037696981,11/01/2001
0.037057835,12/01/2001
0.03641079,13/01/2001
0.035776045,14/01/2001
0.035166342,15/01/2001
0.034587853,16/01/2001
0.033934231,17/01/2001
0.033139153,18/01/2001
0.03246007,19/01/2001
0.03195529,20/01/2001
0.031482044,21/01/2001
0.030741298,22/01/2001
0.030003505,23/01/2001
0.029313538,24/01/2001
0.028890101,25/01/2001
0.028488832,26/01/2001
0.028078343,27/01/2001
0.027661724,28/01/2001
0.027088597,29/01/2001
0.026532475,30/01/2001
0.026142766,31/01/2001
0.025774408,01/02/2001
0.025426038,02/02/2001
0.025034081,03/02/2001
0.024565361,04/02/2001
0.024114743,05/02/2001
0.023767128,06/02/2001
0.023544979,07/02/2001
0.023336631,08/02/2001
0.023074397,09/02/2001
0.022747543,10/02/2001
0.022455291,11/02/2001
0.02220799,12/02/2001
0.022114185,13/02/2001
0.022020239,14/02/2001
0.021918486,15/02/2001
0.021817553,16/02/2001
0.021733769,17/02/2001
0.02170739,18/02/2001
0.021751993,19/02/2001
0.021875743,20/02/2001
0.022075146,21/02/2001
0.022109844,22/02/2001
0.022126424,23/02/2001
0.02213228,24/02/2001
0.022437591,25/02/2001
0.022803013,26/02/2001
0.02322007,27/02/2001
0.023685231,28/02/2001
0.024185818,01/03/2001
0.024483954,02/03/2001
0.024543435,03/03/2001
0.024595696,04/03/2001
0.024661256,05/03/2001
0.025160158,06/03/2001
0.025623547,07/03/2001
0.026025878,08/03/2001
0.026357657,09/03/2001
0.026554707,10/03/2001
0.026755827,11/03/2001
0.027127023,12/03/2001
0.027689243,13/03/2001
0.028228958,14/03/2001
0.028580266,15/03/2001
0.02892732,16/03/2001
0.029316309,17/03/2001
0.029794308,18/03/2001
0.030966103,19/03/2001
0.032293534,20/03/2001
0.033729111,21/03/2001
0.035233229,22/03/2001
0.03615844,23/03/2001
0.037480313,24/03/2001
0.039144815,25/03/2001
0.040814457,26/03/2001
0.042030305,27/03/2001
0.043318239,28/03/2001
0.044680296,29/03/2001
0.046324061,30/03/2001
0.048311525,31/03/2001
0.050536325,01/04/2001
0.052990683,02/04/2001
0.054634784,03/04/2001
0.056335437,04/04/2001
0.058097866,05/04/2001
0.059927586,06/04/2001
0.061828887,07/04/2001
0.063802732,08/04/2001
0.065844694,09/04/2001
0.06885941,10/04/2001
0.072008601,11/04/2001
0.075213271,12/04/2001
0.077938068,13/04/2001
0.080248411,14/04/2001
0.08262735,15/04/2001
0.085068396,16/04/2001
0.087570919,17/04/2001
0.090913431,18/04/2001
0.09426634,19/04/2001
0.097622578,20/04/2001
0.100623546,21/04/2001
0.10335109,22/04/2001
0.106120351,23/04/2001
0.10918555,24/04/2001
0.112469679,25/04/2001
0.115651639,26/04/2001
0.118688436,27/04/2001
0.121523831,28/04/2001
0.124272745,29/04/2001
0.126961456,30/04/2001
0.129631884,01/05/2001
0.132187515,02/05/2001
0.134557045,03/05/2001
0.1368981,04/05/2001
0.139321343,05/05/2001
0.141686476,06/05/2001
0.14402266,07/05/2001
0.145814109,08/05/2001
0.14735143,09/05/2001
0.148631956,10/05/2001
0.150193106,11/05/2001
0.15226916,12/05/2001
0.154420237,13/05/2001
0.156624487,14/05/2001
0.158826019,15/05/2001
0.160923581,16/05/2001
0.162779337,17/05/2001
0.164272595,18/05/2001
0.164678451,19/05/2001
0.164092329,20/05/2001
0.163260215,21/05/2001
0.162261897,22/05/2001
0.162663718,23/05/2001
0.162821554,24/05/2001
0.162119176,25/05/2001
0.160551719,26/05/2001
0.158746636,27/05/2001
0.156781469,28/05/2001
0.156291337,29/05/2001
0.155656577,30/05/2001
0.154862397,31/05/2001
0.153893561,01/06/2001
0.152738457,02/06/2001
0.151394904,03/06/2001
0.149873094,04/06/2001
0.148180047,05/06/2001
0.145316163,06/06/2001
0.142488948,07/06/2001
0.139789258,08/06/2001
0.137507735,09/06/2001
0.135377298,10/06/2001
0.133116688,11/06/2001
0.130639709,12/06/2001
0.128001889,13/06/2001
0.125156711,14/06/2001
0.12222979,15/06/2001
0.119368251,16/06/2001
0.116843197,17/06/2001
0.114459278,18/06/2001
0.112052123,19/06/2001
0.10969912,20/06/2001
0.107305372,21/06/2001
0.105017136,22/06/2001
0.102761155,23/06/2001
0.100536112,24/06/2001
0.09844841,25/06/2001
0.096601128,26/06/2001
0.095314465,27/06/2001
0.094724954,28/06/2001
0.094861525,29/06/2001
0.093641062,30/06/2001
0.092547347,01/07/2001
0.091596698,02/07/2001
0.093446668,03/07/2001
0.096253657,04/07/2001
0.099896644,05/07/2001
0.104108261,06/07/2001
0.104772094,07/07/2001
0.105620382,08/07/2001
0.106781019,09/07/2001
0.108345939,10/07/2001
0.114536569,11/07/2001
0.121106866,12/07/2001
0.127938701,13/07/2001
0.13481827,14/07/2001
0.141570333,15/07/2001
0.145266373,16/07/2001
0.149392989,17/07/2001
0.153990857,18/07/2001
0.161280086,19/07/2001
0.168618275,20/07/2001
0.175026913,21/07/2001
0.180797456,22/07/2001
0.187010377,23/07/2001
0.193606883,24/07/2001
0.201431877,25/07/2001
0.209333005,26/07/2001
0.217122698,27/07/2001
0.224549422,28/07/2001
0.23149132,29/07/2001
0.238656267,30/07/2001
0.245927079,31/07/2001
0.253271179,01/08/2001
0.259716063,02/08/2001
0.265648477,03/08/2001
0.271055664,04/08/2001
0.277995074,05/08/2001
0.285021877,06/08/2001
0.291909812,07/08/2001
0.298549725,08/08/2001
0.302194721,09/08/2001
0.305256522,10/08/2001
0.307755497,11/08/2001
0.309747663,12/08/2001
0.311303303,13/08/2001
0.31248721,14/08/2001
0.31334857,15/08/2001
0.313922845,16/08/2001
0.314234592,17/08/2001
0.314300096,18/08/2001
0.314129681,19/08/2001
0.317027794,20/08/2001
0.319586857,21/08/2001
0.320179649,22/08/2001
0.318688222,23/08/2001
0.318374228,24/08/2001
0.319438932,25/08/2001
0.319893702,26/08/2001
0.319697075,27/08/2001
0.315411774,28/08/2001
0.309688691,29/08/2001
0.302786144,30/08/2001
0.2952896,31/08/2001
0.290086204,01/09/2001
0.286855516,02/09/2001
0.283012534,03/09/2001
0.278516454,04/09/2001
0.269759298,05/09/2001
0.261303759,06/09/2001
0.254420318,07/09/2001
0.248372051,08/09/2001
0.241721084,09/09/2001
0.234480775,10/09/2001
0.226244016,11/09/2001
0.218425252,12/09/2001
0.211041235,13/09/2001
0.203628214,14/09/2001
0.195454787,15/09/2001
0.186850525,16/09/2001
0.177926364,17/09/2001
0.16997145,18/09/2001
0.163433049,19/09/2001
0.157139225,20/09/2001
0.15107501,21/09/2001
0.145235315,22/09/2001
0.137848418,23/09/2001
0.128609971,24/09/2001
0.119317077,25/09/2001
0.111974895,26/09/2001
0.106730995,27/09/2001
0.099607613,28/09/2001
0.090521227,29/09/2001
0.081720259,30/09/2001
0.073361183,01/10/2001
0.069019767,02/10/2001
0.064946635,03/10/2001
0.061139715,04/10/2001
0.055733231,05/10/2001
0.04894187,06/10/2001
0.042912939,07/10/2001
0.037791605,08/10/2001
0.035368693,09/10/2001
0.03321252,10/10/2001
0.031288163,11/10/2001
0.028595195,12/10/2001
0.025560279,13/10/2001
0.02329444,14/10/2001
0.021636862,15/10/2001
0.020648887,16/10/2001
0.019839854,17/10/2001
0.019184966,18/10/2001
0.018411069,19/10/2001
0.017519118,20/10/2001
0.016701922,21/10/2001
0.015974594,22/10/2001
0.015900857,23/10/2001
0.015925638,24/10/2001
0.016020256,25/10/2001
0.015981105,26/10/2001
0.015933638,27/10/2001
0.016031945,28/10/2001
0.016200159,29/10/2001
0.016354283,30/10/2001
0.016470926,31/10/2001
0.017027656,01/11/2001
0.01756594,02/11/2001
0.018069668,03/11/2001
0.018505829,04/11/2001
0.018861378,05/11/2001
0.019257458,06/11/2001
0.019598971,07/11/2001
0.019897979,08/11/2001
0.020161508,09/11/2001
0.020528068,10/11/2001
0.021099316,11/11/2001
0.02172457,12/11/2001
0.02236427,13/11/2001
0.022526438,14/11/2001
0.022667808,15/11/2001
0.022789096,16/11/2001
0.023370294,17/11/2001
0.023922466,18/11/2001
0.024420545,19/11/2001
0.02488246,20/11/2001
0.02490926,21/11/2001
0.024900626,22/11/2001
0.024852427,23/11/2001
0.025308753,24/11/2001
0.02580932,25/11/2001
0.026318717,26/11/2001
0.026786095,27/11/2001
0.027171371,28/11/2001
0.026943591,29/11/2001
0.026598291,30/11/2001
0.026133105,01/12/2001
0.025584689,02/12/2001
0.025725151,03/12/2001
0.025768623,04/12/2001
0.02540717,05/12/2001
0.024696978,06/12/2001
0.024017207,07/12/2001
0.0236175,08/12/2001
0.023426771,09/12/2001
0.023207779,10/12/2001
0.022972211,11/12/2001
0.022515519,12/12/2001
0.021937853,13/12/2001
0.021493462,14/12/2001
0.021180417,15/12/2001
0.020968035,16/12/2001
0.020778653,17/12/2001
0.020606587,18/12/2001
0.02047446,19/12/2001
0.020475681,20/12/2001
0.020604491,21/12/2001
0.020662965,22/12/2001
0.020550948,23/12/2001
0.020413877,24/12/2001
0.020246418,25/12/2001
0.020043339,26/12/2001
0.019800485,27/12/2001
0.019516866,28/12/2001
0.019198277,29/12/2001
0.01886194,30/12/2001
0.01853857,31/12/2001
0.018261895,01/01/2002
0.018567176,02/01/2002
0.019499476,03/01/2002
0.020525308,04/01/2002
0.021584242,05/01/2002
0.022153261,06/01/2002
0.022282386,07/01/2002
0.022941945,08/01/2002
0.024051736,09/01/2002
0.025102442,10/01/2002
0.025774446,11/01/2002
0.026191468,12/01/2002
0.026710953,13/01/2002
0.027347529,14/01/2002
0.028101811,15/01/2002
0.029095063,16/01/2002
0.029897983,17/01/2002
0.03050169,18/01/2002
0.031114565,19/01/2002
0.031916566,20/01/2002
0.032755526,21/01/2002
0.032993181,22/01/2002
0.033088961,23/01/2002
0.03308106,24/01/2002
0.03301259,25/01/2002
0.03366835,26/01/2002
0.034314938,27/01/2002
0.034942533,28/01/2002
0.035136557,29/01/2002
0.034860677,30/01/2002
0.03451966,31/01/2002
0.034592239,01/02/2002
0.035121758,02/02/2002
0.035644963,03/02/2002
0.036128808,04/02/2002
0.036538561,05/02/2002
0.036415622,06/02/2002
0.035834424,07/02/2002
0.035302048,08/02/2002
0.034862911,09/02/2002
0.03504594,10/02/2002
0.035159933,11/02/2002
0.034802276,12/02/2002
0.034539761,13/02/2002
0.034368506,14/02/2002
0.03429046,15/02/2002
0.034331018,16/02/2002
0.034312461,17/02/2002
0.034236951,18/02/2002
0.034192781,19/02/2002
0.034351091,20/02/2002
0.034710303,21/02/2002
0.034926197,22/02/2002
0.034812805,23/02/2002
0.034654576,24/02/2002
0.03445546,25/02/2002
0.035175742,26/02/2002
0.035674881,27/02/2002
0.035834389,28/02/2002
0.035699826,01/03/2002
0.035564753,02/03/2002
0.035400496,03/03/2002
0.035236102,04/03/2002
0.035013994,05/03/2002
0.034530816,06/03/2002
0.033836047,07/03/2002
0.033059868,08/03/2002
0.03263481,09/03/2002
0.032558194,10/03/2002
0.03254353,11/03/2002
0.032608164,12/03/2002
0.032150358,13/03/2002
0.032093432,14/03/2002
0.032545327,15/03/2002
0.033501545,16/03/2002
0.034898734,17/03/2002
0.036655775,18/03/2002
0.03869602,19/03/2002
0.040341299,20/03/2002
0.041507362,21/03/2002
0.042837124,22/03/2002
0.044390056,23/03/2002
0.046196889,24/03/2002
0.049385897,25/03/2002
0.053088471,26/03/2002
0.057359914,27/03/2002
0.062076957,28/03/2002
0.067055175,29/03/2002
0.072119748,30/03/2002
0.075342252,31/03/2002
0.078822023,01/04/2002
0.082548916,02/04/2002
0.087280768,03/04/2002
0.092881892,04/04/2002
0.098536308,05/04/2002
0.104116225,06/04/2002
0.109462656,07/04/2002
0.113755661,08/04/2002
0.118098972,09/04/2002
0.122430781,10/04/2002
0.127316143,11/04/2002
0.131770612,12/04/2002
0.135906219,13/04/2002
0.139964937,14/04/2002
0.14395209,15/04/2002
0.147490406,16/04/2002
0.150382043,17/04/2002
0.152639592,18/04/2002
0.155237988,19/04/2002
0.158595354,20/04/2002
0.161888802,21/04/2002
0.165045175,22/04/2002
0.16694118,23/04/2002
0.167428342,24/04/2002
0.167675108,25/04/2002
0.167790439,26/04/2002
0.168941374,27/04/2002
0.171094949,28/04/2002
0.173121343,29/04/2002
0.173912554,30/04/2002
0.173539867,01/05/2002
0.173164778,02/05/2002
0.173758722,03/05/2002
0.175281811,04/05/2002
0.176718259,05/05/2002
0.178026271,06/05/2002
0.17819955,07/05/2002
0.17734001,08/05/2002
0.176490138,09/05/2002
0.175667145,10/05/2002
0.176343468,11/05/2002
0.176881219,12/05/2002
0.177252507,13/05/2002
0.176012329,14/05/2002
0.174685052,15/05/2002
0.173241716,16/05/2002
0.171708413,17/05/2002
0.171237376,18/05/2002
0.170504284,19/05/2002
0.169451232,20/05/2002
0.168028162,21/05/2002
0.165740103,22/05/2002
0.163299722,23/05/2002
0.160714306,24/05/2002
0.158426773,25/05/2002
0.155730403,26/05/2002
0.152620523,27/05/2002
0.149553223,28/05/2002
0.146285064,29/05/2002
0.142849859,30/05/2002
0.139268061,31/05/2002
0.135342388,01/06/2002
0.131102653,02/06/2002
0.126564397,03/06/2002
0.123073648,04/06/2002
0.119618864,05/06/2002
0.116265994,06/06/2002
0.112411716,07/06/2002
0.107795473,08/06/2002
0.103099998,09/06/2002
0.098473511,10/06/2002
0.094956196,11/06/2002
0.092465284,12/06/2002
0.089953316,13/06/2002
0.087433966,14/06/2002
0.08372734,15/06/2002
0.080324709,16/06/2002
0.077298551,17/06/2002
0.075372414,18/06/2002
0.07360904,19/06/2002
0.072081803,20/06/2002
0.07080826,21/06/2002
0.068840579,22/06/2002
0.067283748,23/06/2002
0.066225369,24/06/2002
0.065635739,25/06/2002
0.065298696,26/06/2002
0.065161153,27/06/2002
0.065147787,28/06/2002
0.06548013,29/06/2002
0.06631152,30/06/2002
0.067602757,01/07/2002
0.06859837,02/07/2002
0.069088018,03/07/2002
0.06955228,04/07/2002
0.069974359,05/07/2002
0.071708115,06/07/2002
0.073382274,07/07/2002
0.074924812,08/07/2002
0.075297069,09/07/2002
0.075423261,10/07/2002
0.075294253,11/07/2002
0.075000645,12/07/2002
0.076306305,13/07/2002
0.077402244,14/07/2002
0.078232884,15/07/2002
0.078824212,16/07/2002
0.078259466,17/07/2002
0.077288358,18/07/2002
0.075912442,19/07/2002
0.076372709,20/07/2002
0.07680851,21/07/2002
0.077268524,22/07/2002
0.077761615,23/07/2002
0.076388577,24/07/2002
0.075469476,25/07/2002
0.075371417,26/07/2002
0.076161942,27/07/2002
0.07712957,28/07/2002
0.078128286,29/07/2002
0.079231324,30/07/2002
0.080545092,31/07/2002
0.082196768,01/08/2002
0.084290765,02/08/2002
0.086816897,03/08/2002
0.090608989,04/08/2002
0.096172587,05/08/2002
0.10339635,06/08/2002
0.111856485,07/08/2002
0.118714955,08/08/2002
0.123578689,09/08/2002
0.128818533,10/08/2002
0.134505959,11/08/2002
0.140702175,12/08/2002
0.147418065,13/08/2002
0.157010654,14/08/2002
0.169527743,15/08/2002
0.18242235,16/08/2002
0.195332743,17/08/2002
0.206105944,18/08/2002
0.215247648,19/08/2002
0.224695936,20/08/2002
0.234285201,21/08/2002
0.243852596,22/08/2002
0.257342846,23/08/2002
0.270486074,24/08/2002
0.280247033,25/08/2002
0.289962974,26/08/2002
0.302813536,27/08/2002
0.315326664,28/08/2002
0.327220709,29/08/2002
0.338191447,30/08/2002
0.347558766,31/08/2002
0.357018582,01/09/2002
0.366473441,02/09/2002
0.375784214,03/09/2002
0.384129457,04/09/2002
0.391488241,05/09/2002
0.39789374,06/09/2002
0.403408125,07/09/2002
0.408119208,08/09/2002
0.412120443,09/09/2002
0.41915542,10/09/2002
0.426159976,11/09/2002
0.432917012,12/09/2002
0.439312988,13/09/2002
0.441011289,14/09/2002
0.441815236,15/09/2002
0.441645959,16/09/2002
0.440607897,17/09/2002
0.438877382,18/09/2002
0.439572239,19/09/2002
0.442838311,20/09/2002
0.445636858,21/09/2002
0.444865648,22/09/2002
0.440294227,23/09/2002
0.434840322,24/09/2002
0.428687266,25/09/2002
0.422136913,26/09/2002
0.415461956,27/09/2002
0.408851671,28/09/2002
0.402411575,29/09/2002
0.39618404,30/09/2002
0.391941446,01/10/2002
0.389071582,02/10/2002
0.385523707,03/10/2002
0.381250491,04/10/2002
0.373896082,05/10/2002
0.366276422,06/10/2002
0.35826876,07/10/2002
0.349996442,08/10/2002
0.341656396,09/10/2002
0.33342432,10/10/2002
0.325419949,11/10/2002
0.317706708,12/10/2002
0.310304991,13/10/2002
0.303207364,14/10/2002
0.295265357,15/10/2002
0.286636844,16/10/2002
0.277345265,17/10/2002
0.267405065,18/10/2002
0.259984441,19/10/2002
0.252627066,20/10/2002
0.24527833,21/10/2002
0.236302374,22/10/2002
0.225236304,23/10/2002
0.213680862,24/10/2002
0.204165872,25/10/2002
0.197154702,26/10/2002
0.190324918,27/10/2002
0.18374245,28/10/2002
0.174823847,29/10/2002
0.163151554,30/10/2002
0.151362061,31/10/2002
0.139553952,01/11/2002
0.13431572,02/11/2002
0.129311214,03/11/2002
0.124511536,04/11/2002
0.119885529,05/11/2002
0.115406091,06/11/2002
0.111053404,07/11/2002
0.103888658,08/11/2002
0.093982513,09/11/2002
0.08449967,10/11/2002
0.075628104,11/11/2002
0.072274356,12/11/2002
0.069055779,13/11/2002
0.066002985,14/11/2002
0.063113558,15/11/2002
0.05600359,16/11/2002
0.049834281,17/11/2002
0.044793372,18/11/2002
0.041807997,19/11/2002
0.04019446,20/11/2002
0.038824936,21/11/2002
0.036816042,22/11/2002
0.034825617,23/11/2002
0.034082978,24/11/2002
0.034643007,25/11/2002
0.035316573,26/11/2002
0.035371861,27/11/2002
0.035625591,28/11/2002
0.036007832,29/11/2002
0.038641424,30/11/2002
0.04196919,01/12/2002
0.04577698,02/12/2002
0.046361981,03/12/2002
0.046975165,04/12/2002
0.047588543,05/12/2002
0.049798901,06/12/2002
0.053587056,07/12/2002
0.057121395,08/12/2002
0.060224337,09/12/2002
0.060475177,10/12/2002
0.060688522,11/12/2002
0.060862964,12/12/2002
0.060990057,13/12/2002
0.061064315,14/12/2002
0.063250871,15/12/2002
0.064892338,16/12/2002
0.065955926,17/12/2002
0.066632715,18/12/2002
0.066481763,19/12/2002
0.066317694,20/12/2002
0.06697509,21/12/2002
0.067730482,22/12/2002
0.068560691,23/12/2002
0.068301882,24/12/2002
0.068064918,25/12/2002
0.067856502,26/12/2002
0.068119906,27/12/2002
0.068840246,28/12/2002
0.069518161,29/12/2002
0.070086497,30/12/2002
0.069746552,31/12/2002
0.069420118,01/01/2003
0.069095909,02/01/2003
0.069082727,03/01/2003
0.069239151,04/01/2003
0.069169862,05/01/2003
0.068857791,06/01/2003
0.068347836,07/01/2003
0.067952604,08/01/2003
0.067552093,09/01/2003
0.067145951,10/01/2003
0.066737991,11/01/2003
0.066184625,12/01/2003
0.065598861,13/01/2003
0.064997058,14/01/2003
0.064399855,15/01/2003
0.064041836,16/01/2003
0.063679769,17/01/2003
0.063316009,18/01/2003
0.062786732,19/01/2003
0.062293605,20/01/2003
0.061957365,21/01/2003
0.061613614,22/01/2003
0.061261744,23/01/2003
0.060905639,24/01/2003
0.06052519,25/01/2003
0.060153195,26/01/2003
0.059831513,27/01/2003
0.059557949,28/01/2003
0.059273953,29/01/2003
0.058941985,30/01/2003
0.058580513,31/01/2003
0.058351409,01/02/2003
0.058125804,02/02/2003
0.057904354,03/02/2003
0.057688836,04/02/2003
0.057482359,05/02/2003
0.057288888,06/02/2003
0.057015753,07/02/2003
0.056551941,08/02/2003
0.055910029,09/02/2003
0.055102532,10/02/2003
0.05455394,11/02/2003
0.054371533,12/02/2003
0.054212519,13/02/2003
0.054083879,14/02/2003
0.053988785,15/02/2003
0.053921278,16/02/2003
0.052917826,17/02/2003
0.051963893,18/02/2003
0.051145357,19/02/2003
0.051095219,20/02/2003
0.051048926,21/02/2003
0.051006993,22/02/2003
0.050971806,23/02/2003
0.050948184,24/02/2003
0.050943296,25/02/2003
0.050965014,26/02/2003
0.051017799,27/02/2003
0.051094673,28/02/2003
0.050723685,01/03/2003
0.050576148,02/03/2003
0.050618598,03/03/2003
0.050833992,04/03/2003
0.051092379,05/03/2003
0.051339372,06/03/2003
0.051567009,07/03/2003
0.051767881,08/03/2003
0.051937493,09/03/2003
0.05207836,10/03/2003
0.052205491,11/03/2003
0.052349795,12/03/2003
0.052549912,13/03/2003
0.053189174,14/03/2003
0.054417361,15/03/2003
0.055954142,16/03/2003
0.05775656,17/03/2003
0.05848103,18/03/2003
0.059313083,19/03/2003
0.060269027,20/03/2003
0.061978911,21/03/2003
0.064519209,22/03/2003
0.067228571,23/03/2003
0.070018417,24/03/2003
0.071470355,25/03/2003
0.07297476,26/03/2003
0.07453527,27/03/2003
0.076158603,28/03/2003
0.079302892,29/03/2003
0.082524323,30/03/2003
0.085800749,31/03/2003
0.088386537,01/04/2003
0.090365868,02/04/2003
0.092458577,03/04/2003
0.094677862,04/04/2003
0.097032189,05/04/2003
0.099523915,06/04/2003
0.102160766,07/04/2003
0.105562082,08/04/2003
0.108354445,09/04/2003
0.110404592,10/04/2003
0.112495459,11/04/2003
0.115253011,12/04/2003
0.118126067,13/04/2003
0.121063512,14/04/2003
0.122888456,15/04/2003
0.123240765,16/04/2003
0.123398263,17/04/2003
0.123573355,18/04/2003
0.125985258,19/04/2003
0.128363645,20/04/2003
0.130673123,21/04/2003
0.130582388,22/04/2003
0.130502534,23/04/2003
0.130414906,24/04/2003
0.131364626,25/04/2003
0.133272282,26/04/2003
0.135092275,27/04/2003
0.136811105,28/04/2003
0.136763114,29/04/2003
0.137180312,30/04/2003
0.13816653,01/05/2003
0.139715774,02/05/2003
0.141363192,03/05/2003
0.14292177,04/05/2003
0.144382113,05/05/2003
0.146320948,06/05/2003
0.148562415,07/05/2003
0.150953464,08/05/2003
0.153394218,09/05/2003
0.155018499,10/05/2003
0.156549309,11/05/2003
0.157982138,12/05/2003
0.159328701,13/05/2003
0.160606464,14/05/2003
0.163278633,15/05/2003
0.165709163,16/05/2003
0.167867777,17/05/2003
0.169173214,18/05/2003
0.170384395,19/05/2003
0.172171075,20/05/2003
0.173224356,21/05/2003
0.173550486,22/05/2003
0.17399246,23/05/2003
0.174856405,24/05/2003
0.175626976,25/05/2003
0.176344386,26/05/2003
0.175426638,27/05/2003
0.172758923,28/05/2003
0.168388991,29/05/2003
0.165898255,30/05/2003
0.166126393,31/05/2003
0.16643245,01/06/2003
0.16688687,02/06/2003
0.160902647,03/06/2003
0.155598434,04/06/2003
0.151831278,05/06/2003
0.151026731,06/06/2003
0.151869316,07/06/2003
0.153094979,08/06/2003
0.154947464,09/06/2003
0.156285325,10/06/2003
0.158853979,11/06/2003
0.164478612,12/06/2003
0.172787677,13/06/2003
0.183182622,14/06/2003
0.189092362,15/06/2003
0.195648907,16/06/2003
0.202823724,17/06/2003
0.21753231,18/06/2003
0.234519489,19/06/2003
0.248687783,20/06/2003
0.258717666,21/06/2003
0.269221103,22/06/2003
0.280282328,23/06/2003
0.291897453,24/06/2003
0.31603079,25/06/2003
0.340198054,26/06/2003
0.363174393,27/06/2003
0.381281794,28/06/2003
0.396091014,29/06/2003
0.411288061,30/06/2003
0.432484247,01/07/2003
0.452579705,02/07/2003
0.47197853,03/07/2003
0.489501875,04/07/2003
0.506033514,05/07/2003
0.523026642,06/07/2003
0.540340673,07/07/2003
0.558404202,08/07/2003
0.577310769,09/07/2003
0.596929908,10/07/2003
0.617032782,11/07/2003
0.634639777,12/07/2003
0.652349239,13/07/2003
0.670190557,14/07/2003
0.690748265,15/07/2003
0.711890296,16/07/2003
0.733283237,17/07/2003
0.754364311,18/07/2003
0.773832103,19/07/2003
0.792654238,20/07/2003
0.811908182,21/07/2003
0.831548839,22/07/2003
0.851178656,23/07/2003
0.870006106,24/07/2003
0.888878851,25/07/2003
0.908956614,26/07/2003
0.929399031,27/07/2003
0.950076846,28/07/2003
0.965655687,29/07/2003
0.979588741,30/07/2003
0.991669897,31/07/2003
1.010248883,01/08/2003
1.028723306,02/08/2003
1.046424535,03/08/2003
1.057864111,04/08/2003
1.061989359,05/08/2003
1.06372524,06/08/2003
1.06347618,07/08/2003
1.0617181,08/08/2003
1.058834207,09/08/2003
1.066055073,10/08/2003
1.071344345,11/08/2003
1.074219995,12/08/2003
1.07041329,13/08/2003
1.060591984,14/08/2003
1.048968391,15/08/2003
1.045043354,16/08/2003
1.038917655,17/08/2003
1.030217152,18/08/2003
1.015920514,19/08/2003
0.99642977,20/08/2003
0.975002648,21/08/2003
0.955984791,22/08/2003
0.938429734,23/08/2003
0.918525039,24/08/2003
0.896639529,25/08/2003
0.871104792,26/08/2003
0.845350294,27/08/2003
0.819959355,28/08/2003
0.795524428,29/08/2003
0.770773285,30/08/2003
0.745707395,31/08/2003
0.720673138,01/09/2003
0.696748034,02/09/2003
0.673704045,03/09/2003
0.651574061,04/09/2003
0.630462623,05/09/2003
0.610386274,06/09/2003
0.58612681,07/09/2003
0.562166084,08/09/2003
0.538991985,09/09/2003
0.518381382,10/09/2003
0.500216822,11/09/2003
0.480320706,12/09/2003
0.458696905,13/09/2003
0.438072465,14/09/2003
0.418786576,15/09/2003
0.401101836,16/09/2003
0.384701682,17/09/2003
0.368854494,18/09/2003
0.353587185,19/09/2003
0.335609058,20/09/2003
0.317314561,21/09/2003
0.298217266,22/09/2003
0.284561573,23/09/2003
0.271583302,24/09/2003
0.259220953,25/09/2003
0.244001371,26/09/2003
0.224404561,27/09/2003
0.203606024,28/09/2003
0.182408499,29/09/2003
0.173622213,30/09/2003
0.16533934,01/10/2003
0.157506614,02/10/2003
0.145094777,03/10/2003
0.12903984,04/10/2003
0.115155364,05/10/2003
0.103776327,06/10/2003
0.099479373,07/10/2003
0.095522202,08/10/2003
0.091847881,09/10/2003
0.088294037,10/10/2003
0.084736709,11/10/2003
0.079044376,12/10/2003
0.07552757,13/10/2003
0.074380588,14/10/2003
0.073755244,15/10/2003
0.071999987,16/10/2003
0.070443747,17/10/2003
0.073315851,18/10/2003
0.077986995,19/10/2003
0.084016296,20/10/2003
0.090451609,21/10/2003
0.092709079,22/10/2003
0.091364517,23/10/2003
0.090072396,24/10/2003
0.09163839,25/10/2003
0.094624161,26/10/2003
0.095854779,27/10/2003
0.094065459,28/10/2003
0.092208897,29/10/2003
0.090280753,30/10/2003
0.089486184,31/10/2003
0.089660028,01/11/2003
0.089436546,02/11/2003
0.088769904,03/11/2003
0.086443954,04/11/2003
0.084134293,05/11/2003
0.08186511,06/11/2003
0.080236525,07/11/2003
0.079009339,08/11/2003
0.077490071,09/11/2003
0.075621391,10/11/2003
0.07333434,11/11/2003
0.071097696,12/11/2003
0.068910883,13/11/2003
0.066792032,14/11/2003
0.064471529,15/11/2003
0.061852842,16/11/2003
0.059008028,17/11/2003
0.057077716,18/11/2003
0.055275994,19/11/2003
0.053621741,20/11/2003
0.051478026,21/11/2003
0.048801214,22/11/2003
0.046206393,23/11/2003
0.043844005,24/11/2003
0.041868926,25/11/2003
0.041015751,26/11/2003
0.040319227,27/11/2003
0.039753351,28/11/2003
0.039278219,29/11/2003
0.038860089,30/11/2003
0.038476637,01/12/2003
0.03808219,02/12/2003
0.037268012,03/12/2003
0.036778752,04/12/2003
0.036578058,05/12/2003
0.036492832,06/12/2003
0.036507901,07/12/2003
0.036605918,08/12/2003
0.036714858,09/12/2003
0.036999346,10/12/2003
0.037402788,11/12/2003
0.037733005,12/12/2003
0.038187106,13/12/2003
0.038740056,14/12/2003
0.039317942,15/12/2003
0.039906204,16/12/2003
0.040477933,17/12/2003
0.040973826,18/12/2003
0.041344357,19/12/2003
0.041642201,20/12/2003
0.042398355,21/12/2003
0.043159617,22/12/2003
0.043890448,23/12/2003
0.044380725,24/12/2003
0.044739842,25/12/2003
0.045140308,26/12/2003
0.045796647,27/12/2003
0.046383351,28/12/2003
0.046894184,29/12/2003
0.047319409,30/12/2003
0.047752277,31/12/2003
0.04821688,01/01/2004
0.048648631,02/01/2004
0.048969431,03/01/2004
0.049206232,04/01/2004
0.049363388,05/01/2004
0.049450151,06/01/2004
0.049522622,07/01/2004
0.049976588,08/01/2004
0.050477676,09/01/2004
0.051018369,10/01/2004
0.051191448,11/01/2004
0.051128654,12/01/2004
0.051697371,13/01/2004
0.052294026,14/01/2004
0.052873165,15/01/2004
0.053374946,16/01/2004
0.05367648,17/01/2004
0.053153585,18/01/2004
0.052429163,19/01/2004
0.051537107,20/01/2004
0.051188287,21/01/2004
0.051127447,22/01/2004
0.050340872,23/01/2004
0.049044218,24/01/2004
0.047621069,25/01/2004
0.046277327,26/01/2004
0.045774136,27/01/2004
0.045170028,28/01/2004
0.044465045,29/01/2004
0.0431157,30/01/2004
0.041455458,31/01/2004
0.039863891,01/02/2004
0.038394711,02/02/2004
0.037320044,03/02/2004
0.036362748,04/02/2004
0.035371791,05/02/2004
0.034320866,06/02/2004
0.033159023,07/02/2004
0.032182589,08/02/2004
0.031398295,09/02/2004
0.03080707,10/02/2004
0.030398993,11/02/2004
0.030157269,12/02/2004
0.029662033,13/02/2004
0.028983323,14/02/2004
0.028323793,15/02/2004
0.027806749,16/02/2004
0.028067671,17/02/2004
0.028537681,18/02/2004
0.029222742,19/02/2004
0.030094621,20/02/2004
0.031111386,21/02/2004
0.032231041,22/02/2004
0.033207443,23/02/2004
0.033246405,24/02/2004
0.033341679,25/02/2004
0.03353657,26/02/2004
0.033875637,27/02/2004
0.034578772,28/02/2004
0.036343883,29/02/2004
0.038309298,01/03/2004
0.040480474,02/03/2004
0.04183461,03/03/2004
0.04289062,04/03/2004
0.044324776,05/03/2004
0.046933788,06/03/2004
0.049662143,07/03/2004
0.052411866,08/03/2004
0.054289342,09/03/2004
0.055903564,10/03/2004
0.057640723,11/03/2004
0.060123498,12/03/2004
0.062795957,13/03/2004
0.06533687,14/03/2004
0.067703434,15/03/2004
0.069738248,16/03/2004
0.071806527,17/03/2004
0.073995887,18/03/2004
0.076249663,19/03/2004
0.078243091,20/03/2004
0.079981444,21/03/2004
0.081651833,22/03/2004
0.083939768,23/03/2004
0.086270315,24/03/2004
0.088600386,25/03/2004
0.090044444,26/03/2004
0.090973782,27/03/2004
0.091728795,28/03/2004
0.092707546,29/03/2004
0.094758762,30/03/2004
0.096737202,31/03/2004
0.098585194,01/04/2004
0.099203559,02/04/2004
0.099365201,03/04/2004
0.099462579,04/04/2004
0.099874731,05/04/2004
0.101213237,06/04/2004
0.102409133,07/04/2004
0.103469458,08/04/2004
0.103493891,09/04/2004
0.103201172,10/04/2004
0.102888776,11/04/2004
0.102851369,12/04/2004
0.103513882,13/04/2004
0.104108449,14/04/2004
0.104596516,15/04/2004
0.1049268,16/04/2004
0.10504126,17/04/2004
0.104893373,18/04/2004
0.104318992,19/04/2004
0.103279392,20/04/2004
0.102210712,21/04/2004
0.101113803,22/04/2004
0.100194391,23/04/2004
0.099112291,24/04/2004
0.097795647,25/04/2004
0.096342058,26/04/2004
0.09493198,27/04/2004
0.09333681,28/04/2004
0.09156592,29/04/2004
0.08971993,30/04/2004
0.087827332,01/05/2004
0.085813577,02/05/2004
0.083719615,03/05/2004
0.081651351,04/05/2004
0.079343753,05/05/2004
0.076749424,06/05/2004
0.074480679,07/05/2004
0.072292606,08/05/2004
0.070149756,09/05/2004
0.067807737,10/05/2004
0.06463221,11/05/2004
0.060697357,12/05/2004
0.056150002,13/05/2004
0.052332826,14/05/2004
0.050288545,15/05/2004
0.048307112,16/05/2004
0.046384369,17/05/2004
0.041908587,18/05/2004
0.036962858,19/05/2004
0.032070579,20/05/2004
0.029945961,21/05/2004
0.028125221,22/05/2004
0.026318128,23/05/2004
0.024624075,24/05/2004
0.023150428,25/05/2004
0.020726048,26/05/2004
0.017097951,27/05/2004
0.014455253,28/05/2004
0.012931397,29/05/2004
0.012363546,30/05/2004
0.011983016,31/05/2004
0.012494924,01/06/2004
0.014202136,02/06/2004
0.016996963,03/06/2004
0.01785112,04/06/2004
0.018559855,05/06/2004
0.019423737,06/06/2004
0.022170591,07/06/2004
0.028048375,08/06/2004
0.035107159,09/06/2004
0.043087388,10/06/2004
0.051640165,11/06/2004
0.05537797,12/06/2004
0.059148852,13/06/2004
0.063326548,14/06/2004
0.07054537,15/06/2004
0.081333458,16/06/2004
0.092550247,17/06/2004
0.098607477,18/06/2004
0.104763346,19/06/2004
0.11123852,20/06/2004
0.118017529,21/06/2004
0.130752386,22/06/2004
0.143904702,23/06/2004
0.157044105,24/06/2004
0.167479773,25/06/2004
0.175490131,26/06/2004
0.183769648,27/06/2004
0.192259922,28/06/2004
0.200884381,29/06/2004
0.209588544,30/06/2004
0.218439028,01/07/2004
0.231125644,02/07/2004
0.242983853,03/07/2004
0.253911062,04/07/2004
0.263817468,05/07/2004
0.272570063,06/07/2004
0.281831198,07/07/2004
0.29162497,08/07/2004
0.301913824,09/07/2004
0.31257014,10/07/2004
0.323396027,11/07/2004
0.334188361,12/07/2004
0.340970441,13/07/2004
0.346694686,14/07/2004
0.351445417,15/07/2004
0.358423614,16/07/2004
0.367906403,17/07/2004
0.377240821,18/07/2004
0.386002986,19/07/2004
0.387621731,20/07/2004
0.388388408,21/07/2004
0.388429738,22/07/2004
0.39212974,23/07/2004
0.398888654,24/07/2004
0.405203962,25/07/2004
0.410376191,26/07/2004
0.407301045,27/07/2004
0.403688241,28/07/2004
0.399688737,29/07/2004
0.395543227,30/07/2004
0.39143164,31/07/2004
0.387446926,01/08/2004
0.383615408,02/08/2004
0.379924501,03/08/2004
0.376342621,04/08/2004
0.373124856,05/08/2004
0.37229063,06/08/2004
0.370453698,07/08/2004
0.367422323,08/08/2004
0.363098951,09/08/2004
0.357746654,10/08/2004
0.351862254,11/08/2004
0.345330296,12/08/2004
0.338648825,13/08/2004
0.331213462,14/08/2004
0.322649147,15/08/2004
0.314039584,16/08/2004
0.305423307,17/08/2004
0.29638206,18/08/2004
0.28712324,19/08/2004
0.276439815,20/08/2004
0.264969408,21/08/2004
0.25288764,22/08/2004
0.242916632,23/08/2004
0.234596331,24/08/2004
0.226662238,25/08/2004
0.218529173,26/08/2004
0.206772039,27/08/2004
0.194973768,28/08/2004
0.183416958,29/08/2004
0.175588746,30/08/2004
0.169802346,31/08/2004
0.164271909,01/09/2004
0.158968065,02/09/2004
0.15301557,03/09/2004
0.143338024,04/09/2004
0.13430106,05/09/2004
0.126150075,06/09/2004
0.12094913,07/09/2004
0.11696601,08/09/2004
0.112562753,09/09/2004
0.106284328,10/09/2004
0.10101004,11/09/2004
0.096871314,12/09/2004
0.093810638,13/09/2004
0.091073006,14/09/2004
0.088501431,15/09/2004
0.086036015,16/09/2004
0.084016241,17/09/2004
0.082840287,18/09/2004
0.082457056,19/09/2004
0.082146231,20/09/2004
0.080395842,21/09/2004
0.07873605,22/09/2004
0.077148162,23/09/2004
0.076073331,24/09/2004
0.07655759,25/09/2004
0.076927341,26/09/2004
0.076778412,27/09/2004
0.075376943,28/09/2004
0.074025125,29/09/2004
0.072718228,30/09/2004
0.071833741,01/10/2004
0.072088116,02/10/2004
0.072189942,03/10/2004
0.072055895,04/10/2004
0.071512195,05/10/2004
0.070285107,06/10/2004
0.069125413,07/10/2004
0.068644881,08/10/2004
0.068341831,09/10/2004
0.067937813,10/10/2004
0.066983815,11/10/2004
0.066008816,12/10/2004
0.065162615,13/10/2004
0.064425205,14/10/2004
0.063768538,15/10/2004
0.063167647,16/10/2004
0.062604177,17/10/2004
0.062066105,18/10/2004
0.061546244,19/10/2004
0.061040697,20/10/2004
0.060547645,21/10/2004
0.060066534,22/10/2004
0.059698362,23/10/2004
0.059242277,24/10/2004
0.05865102,25/10/2004
0.057965927,26/10/2004
0.057576046,27/10/2004
0.057329853,28/10/2004
0.05683109,29/10/2004
0.056319192,30/10/2004
0.055889761,31/10/2004
0.055838287,01/11/2004
0.056024858,02/11/2004
0.056376897,03/11/2004
0.056826186,04/11/2004
0.056790331,05/11/2004
0.056722429,06/11/2004
0.056753972,07/11/2004
0.056881203,08/11/2004
0.057198913,09/11/2004
0.057751899,10/11/2004
0.058265711,11/11/2004
0.058708821,12/11/2004
0.058967506,13/11/2004
0.059239066,14/11/2004
0.059552965,15/11/2004
0.059831503,16/11/2004
0.060030457,17/11/2004
0.060151332,18/11/2004
0.060197934,19/11/2004
0.060429927,20/11/2004
0.060733769,21/11/2004
0.061051663,22/11/2004
0.061255663,23/11/2004
0.061177649,24/11/2004
0.061045217,25/11/2004
0.061036348,26/11/2004
0.06136206,27/11/2004
0.061677942,28/11/2004
0.06194927,29/11/2004
0.062000282,30/11/2004
0.061681316,01/12/2004
0.061296049,02/12/2004
0.060850146,03/12/2004
0.060355356,04/12/2004
0.059824376,05/12/2004
0.059470993,06/12/2004
0.059449571,07/12/2004
0.059355245,08/12/2004
0.059181818,09/12/2004
0.058558465,10/12/2004
0.057833127,11/12/2004
0.057064861,12/12/2004
0.05626087,13/12/2004
0.055602525,14/12/2004
0.055211026,15/12/2004
0.054776689,16/12/2004
0.054303485,17/12/2004
0.053421117,18/12/2004
0.052449077,19/12/2004
0.051609828,20/12/2004
0.051023671,21/12/2004
0.050402813,22/12/2004
0.049739829,23/12/2004
0.049025475,24/12/2004
0.048248757,25/12/2004
0.047397568,26/12/2004
0.046460215,27/12/2004
0.04542777,28/12/2004
0.044295698,29/12/2004
0.043041629,30/12/2004
0.041723483,01/01/2005
0.040406718,02/01/2005
0.039119513,03/01/2005
0.037888886,04/01/2005
0.036684679,05/01/2005
0.035394301,06/01/2005
0.034066028,07/01/2005
0.032726182,08/01/2005
0.031659794,09/01/2005
0.030592707,10/01/2005
0.029465822,11/01/2005
0.028294405,12/01/2005
0.027108632,13/01/2005
0.025937136,14/01/2005
0.024797273,15/01/2005
0.023708955,16/01/2005
0.022678381,17/01/2005
0.021628493,18/01/2005
0.020627601,19/01/2005
0.019708078,20/01/2005
0.018888421,21/01/2005
0.018045971,22/01/2005
0.017238234,23/01/2005
0.016482806,24/01/2005
0.015821743,25/01/2005
0.015301636,26/01/2005
0.014844749,27/01/2005
0.014442572,28/01/2005
0.014096546,29/01/2005
0.013633453,30/01/2005
0.013198585,31/01/2005
0.012826202,01/02/2005
0.012534987,02/02/2005
0.012382916,03/02/2005
0.01238547,04/02/2005
0.012396058,05/02/2005
0.01236824,06/02/2005
0.012413438,07/02/2005
0.012720101,08/02/2005
0.013212793,09/02/2005
0.013887635,10/02/2005
0.014714135,11/02/2005
0.015651558,12/02/2005
0.016116892,13/02/2005
0.016615286,14/02/2005
0.017181568,15/02/2005
0.018089673,16/02/2005
0.019387878,17/02/2005
0.020715241,18/02/2005
0.021838793,19/02/2005
0.022756709,20/02/2005
0.023736545,21/02/2005
0.024776307,22/02/2005
0.026108431,23/02/2005
0.027675479,24/02/2005
0.02915223,25/02/2005
0.030494988,26/02/2005
0.031801405,27/02/2005
0.033133235,28/02/2005
0.03447783,01/03/2005
0.035883097,02/03/2005
0.037331149,03/03/2005
0.038843553,04/03/2005
0.040349451,05/03/2005
0.041783693,06/03/2005
0.043243725,07/03/2005
0.044968091,08/03/2005
0.046895794,09/03/2005
0.049022976,10/03/2005
0.050939637,11/03/2005
0.052539292,12/03/2005
0.05419,13/03/2005
0.055895898,14/03/2005
0.05766146,15/03/2005
0.059491197,16/03/2005
0.061388455,17/03/2005
0.063353432,18/03/2005
0.065380242,19/03/2005
0.067453692,20/03/2005
0.069548952,21/03/2005
0.071641658,22/03/2005
0.074062261,23/03/2005
0.076918368,24/03/2005
0.079869142,25/03/2005
0.082829195,26/03/2005
0.085417864,27/03/2005
0.087696297,28/03/2005
0.090304457,29/03/2005
0.093141989,30/03/2005
0.095875754,31/03/2005
0.098472429,01/04/2005
0.100902456,02/04/2005
0.103215854,03/04/2005
0.105567883,04/04/2005
0.107920401,05/04/2005
0.110254821,06/04/2005
0.11229046,07/04/2005
0.114134454,08/04/2005
0.116317291,09/04/2005
0.118469449,10/04/2005
0.120552161,11/04/2005
0.122233313,12/04/2005
0.123370787,13/04/2005
0.124243823,14/04/2005
0.124870563,15/04/2005
0.126368037,16/04/2005
0.127754408,17/04/2005
0.12895195,18/04/2005
0.129897765,19/04/2005
0.130134228,20/04/2005
0.129698441,21/04/2005
0.12907591,22/04/2005
0.128318539,23/04/2005
0.128404899,24/04/2005
0.128292143,25/04/2005
0.127994068,26/04/2005
0.126743272,27/04/2005
0.125224355,28/04/2005
0.123422669,29/04/2005
0.121414995,30/04/2005
0.120555205,01/05/2005
0.119565623,02/05/2005
0.118441093,03/05/2005
0.117181272,04/05/2005
0.115793994,05/05/2005
0.114294769,06/05/2005
0.111560865,07/05/2005
0.108761542,08/05/2005
0.10597718,09/05/2005
0.103670122,10/05/2005
0.101703605,11/05/2005
0.099682954,12/05/2005
0.097671954,13/05/2005
0.095710977,14/05/2005
0.092779646,15/05/2005
0.089939069,16/05/2005
0.087194542,17/05/2005
0.085120988,18/05/2005
0.083051763,19/05/2005
0.080650382,20/05/2005
0.078067556,21/05/2005
0.075651891,22/05/2005
0.073434191,23/05/2005
0.07125357,24/05/2005
0.068931835,25/05/2005
0.066496465,26/05/2005
0.063987166,27/05/2005
0.061419666,28/05/2005
0.059686541,29/05/2005
0.057931481,30/05/2005
0.05609529,31/05/2005
0.054218484,01/06/2005
0.052365458,02/06/2005
0.050142523,03/06/2005
0.047872631,04/06/2005
0.045616166,05/06/2005
0.04344646,06/06/2005
0.041403837,07/06/2005
0.039716001,08/06/2005
0.037557016,09/06/2005
0.033858958,10/06/2005
0.028758597,11/06/2005
0.022762658,12/06/2005
0.016428662,13/06/2005
0.010224324,14/06/2005
0.006237883,15/06/2005
0.004105501,16/06/2005
0.002018577,17/06/2005
9.49E-05,18/06/2005
0,19/06/2005
0,20/06/2005
0,21/06/2005
0,22/06/2005
0,23/06/2005
0,24/06/2005
0,25/06/2005
0,26/06/2005
0,27/06/2005
0.00936046,28/06/2005
0.018116858,29/06/2005
0.023357739,30/06/2005
0.034085987,01/07/2005
0.05133969,02/07/2005
0.06986944,03/07/2005
0.088654372,04/07/2005
0.106914084,05/07/2005
0.120432024,06/07/2005
0.130258966,07/07/2005
0.140576634,08/07/2005
0.151367803,09/07/2005
0.16260054,10/07/2005
0.177989227,11/07/2005
0.196414875,12/07/2005
0.213986058,13/07/2005
0.226764535,14/07/2005
0.23999553,15/07/2005
0.253690938,16/07/2005
0.271049067,17/07/2005
0.287602,18/07/2005
0.303195497,19/07/2005
0.317612095,20/07/2005
0.330752234,21/07/2005
0.342634557,22/07/2005
0.355045471,23/07/2005
0.369140523,24/07/2005
0.383370889,25/07/2005
0.395283038,26/07/2005
0.40407642,27/07/2005
0.41194155,28/07/2005
0.418925803,29/07/2005
0.425082572,30/07/2005
0.433936503,31/07/2005
0.445941099,01/08/2005
0.457570013,02/08/2005
0.465052008,03/08/2005
0.468029726,04/08/2005
0.470113442,05/08/2005
0.471383036,06/08/2005
0.47617776,07/08/2005
0.48477703,08/08/2005
0.492893619,09/08/2005
0.500539192,10/08/2005
0.498525354,11/08/2005
0.495690784,12/08/2005
0.496883724,13/08/2005
0.502535902,14/08/2005
0.507814415,15/08/2005
0.512580525,16/08/2005
0.511298096,17/08/2005
0.503648181,18/08/2005
0.495283669,19/08/2005
0.491763453,20/08/2005
0.492906652,21/08/2005
0.493213083,22/08/2005
0.492347656,23/08/2005
0.490092745,24/08/2005
0.47757039,25/08/2005
0.465233537,26/08/2005
0.453286053,27/08/2005
0.441959187,28/08/2005
0.435760468,29/08/2005
0.428321804,30/08/2005
0.416678455,31/08/2005
0.405399977,01/09/2005
0.394415415,02/09/2005
0.38451565,03/09/2005
0.373339247,04/09/2005
0.36085353,05/09/2005
0.348192805,06/09/2005
0.336566888,07/09/2005
0.325113266,08/09/2005
0.312060369,09/09/2005
0.296138452,10/09/2005
0.278846395,11/09/2005
0.260240079,12/09/2005
0.249163332,13/09/2005
0.23843335,14/09/2005
0.228085218,15/09/2005
0.218159881,16/09/2005
0.199098611,17/09/2005
0.179167008,18/09/2005
0.158865219,19/09/2005
0.138606732,20/09/2005
0.131137312,21/09/2005
0.124190615,22/09/2005
0.117750812,23/09/2005
0.100082402,24/09/2005
0.083661144,25/09/2005
0.069553349,26/09/2005
0.062112626,27/09/2005
0.059542455,28/09/2005
0.057380478,29/09/2005
0.055462652,30/09/2005
0.048520037,01/10/2005
0.044610043,02/10/2005
0.043730415,03/10/2005
0.043477504,04/10/2005
0.043287508,05/10/2005
0.043111522,06/10/2005
0.043692309,07/10/2005
0.046150824,08/10/2005
0.049691239,09/10/2005
0.053651561,10/10/2005
0.053045868,11/10/2005
0.052462011,12/10/2005
0.051895857,13/10/2005
0.051303054,14/10/2005
0.050647895,15/10/2005
0.049914131,16/10/2005
0.049101578,17/10/2005
0.048219824,18/10/2005
0.050580643,19/10/2005
0.052204318,20/10/2005
0.052848417,21/10/2005
0.052446619,22/10/2005
0.051300148,23/10/2005
0.050419599,24/10/2005
0.049625776,25/10/2005
0.048941884,26/10/2005
0.048354961,27/10/2005
0.047838576,28/10/2005
0.047365904,29/10/2005
0.046774588,30/10/2005
0.046152955,31/10/2005
0.045686104,01/11/2005
0.045386476,02/11/2005
0.045260532,03/11/2005
0.045304126,04/11/2005
0.045504158,05/11/2005
0.045668275,06/11/2005
0.045707124,07/11/2005
0.045794173,08/11/2005
0.045913329,09/11/2005
0.046242719,10/11/2005
0.046867315,11/11/2005
0.047297327,12/11/2005
0.047438138,13/11/2005
0.04756113,14/11/2005
0.04834366,15/11/2005
0.049195502,16/11/2005
0.050079479,17/11/2005
0.050530195,18/11/2005
0.050493466,19/11/2005
0.050413624,20/11/2005
0.050292118,21/11/2005
0.051043341,22/11/2005
0.05175074,23/11/2005
0.052320152,24/11/2005
0.052660598,25/11/2005
0.052738363,26/11/2005
0.052334119,27/11/2005
0.051919192,28/11/2005
0.051496678,29/11/2005
0.051191839,30/11/2005
0.050886808,01/12/2005
0.050449157,02/12/2005
0.049975171,03/12/2005
0.049498022,04/12/2005
0.04901865,05/12/2005
0.048540228,06/12/2005
0.048030873,07/12/2005
0.047458527,08/12/2005
0.046848118,09/12/2005
0.046204455,10/12/2005
0.045536574,11/12/2005
0.04485727,12/12/2005
0.044179355,13/12/2005
0.043672685,14/12/2005
0.043162686,15/12/2005
0.042570218,16/12/2005
0.04191464,17/12/2005
0.041295445,18/12/2005
0.040730684,19/12/2005
0.040225922,20/12/2005
0.039728368,21/12/2005
0.039199907,22/12/2005
0.038663866,23/12/2005
0.03812586,24/12/2005
0.037591675,25/12/2005
0.037098575,26/12/2005
0.036602094,27/12/2005
0.03610006,28/12/2005
0.035584299,29/12/2005
0.035043151,30/12/2005
0.034502448,31/12/2005
0.033961066,01/01/2006
0.033422524,02/01/2006
0.032890841,03/01/2006
0.032369009,04/01/2006
0.03184699,05/01/2006
0.031306511,06/01/2006
0.030767707,07/01/2006
0.030269191,08/01/2006
0.029765551,09/01/2006
0.0292528,10/01/2006
0.028739677,11/01/2006
0.02824937,12/01/2006
0.027778873,13/01/2006
0.027290532,14/01/2006
0.026766372,15/01/2006
0.026217279,16/01/2006
0.025705043,17/01/2006
0.025231129,18/01/2006
0.02474297,19/01/2006
0.02424481,20/01/2006
0.023731689,21/01/2006
0.02321099,22/01/2006
0.022707634,23/01/2006
0.02223611,24/01/2006
0.02180145,25/01/2006
0.021379156,26/01/2006
0.020977576,27/01/2006
0.020614445,28/01/2006
0.020291236,29/01/2006
0.020007524,30/01/2006
0.019761828,31/01/2006
0.019480218,01/02/2006
0.019230605,02/02/2006
0.019018066,03/02/2006
0.018858872,04/02/2006
0.018669324,05/02/2006
0.018432209,06/02/2006
0.018308377,07/02/2006
0.018222255,08/02/2006
0.01817719,09/02/2006
0.018164053,10/02/2006
0.017907664,11/02/2006
0.017557936,12/02/2006
0.017126046,13/02/2006
0.016647945,14/02/2006
0.016613696,15/02/2006
0.016561278,16/02/2006
0.016492615,17/02/2006
0.015965213,18/02/2006
0.015477916,19/02/2006
0.015073044,20/02/2006
0.014859954,21/02/2006
0.014755951,22/02/2006
0.014672292,23/02/2006
0.01462909,24/02/2006
0.014493706,25/02/2006
0.014605247,26/02/2006
0.014989354,27/02/2006
0.015364615,28/02/2006
0.01558229,01/03/2006
0.015871237,02/03/2006
0.016221547,03/03/2006
0.017283399,04/03/2006
0.018663555,05/03/2006
0.020331573,06/03/2006
0.021600748,07/03/2006
0.022325515,08/03/2006
0.023087075,09/03/2006
0.023893973,10/03/2006
0.024757703,11/03/2006
0.025691594,12/03/2006
0.026707453,13/03/2006
0.027808996,14/03/2006
0.029775101,15/03/2006
0.032645337,16/03/2006
0.035603163,17/03/2006
0.038559171,18/03/2006
0.041432372,19/03/2006
0.043002544,20/03/2006
0.044653206,21/03/2006
0.046390185,22/03/2006
0.04821649,23/03/2006
0.050130418,24/03/2006
0.052126798,25/03/2006
0.054678009,26/03/2006
0.057622601,27/03/2006
0.06047309,28/03/2006
0.063210936,29/03/2006
0.065586674,30/03/2006
0.067754639,31/03/2006
0.069959219,01/04/2006
0.072165421,02/04/2006
0.074482874,03/04/2006
0.07680752,04/04/2006
0.078969918,05/04/2006
0.081068053,06/04/2006
0.083150358,07/04/2006
0.085085724,08/04/2006
0.086825798,09/04/2006
0.0883424,10/04/2006
0.090180427,11/04/2006
0.092008568,12/04/2006
0.093800621,13/04/2006
0.095181521,14/04/2006
0.095973685,15/04/2006
0.096518022,16/04/2006
0.096857877,17/04/2006
0.098269827,18/04/2006
0.099688521,19/04/2006
0.101094999,20/04/2006
0.101700081,21/04/2006
0.10128947,22/04/2006
0.100556218,23/04/2006
0.09955374,24/04/2006
0.100480058,25/04/2006
0.101371013,26/04/2006
0.10214826,27/04/2006
0.102729121,28/04/2006
0.101929536,29/04/2006
0.099501446,30/04/2006
0.09639069,01/05/2006
0.092735049,02/05/2006
0.088780196,03/05/2006
0.088059418,04/05/2006
0.08715895,05/05/2006
0.084325112,06/05/2006
0.078704079,07/05/2006
0.071181294,08/05/2006
0.069425791,09/05/2006
0.06748741,10/05/2006
0.065396232,11/05/2006
0.063157009,12/05/2006
0.056899678,13/05/2006
0.04534467,14/05/2006
0.032530481,15/05/2006
0.019647962,16/05/2006
0.01630344,17/05/2006
0.012413562,18/05/2006
0.00796188,19/05/2006
0.003011307,20/05/2006
0,21/05/2006
0,22/05/2006
0,23/05/2006
0,24/05/2006
0,25/05/2006
0,26/05/2006
0,27/05/2006
0,28/05/2006
0,29/05/2006
0,30/05/2006
0,31/05/2006
0,01/06/2006
0,02/06/2006
0,03/06/2006
0,04/06/2006
0,05/06/2006
0.010800484,06/06/2006
0.03304944,07/06/2006
0.0576131,08/06/2006
0.08342564,09/06/2006
0.095560293,10/06/2006
0.108893976,11/06/2006
0.1236013,12/06/2006
0.146754597,13/06/2006
0.177945591,14/06/2006
0.209950249,15/06/2006
0.235847217,16/06/2006
0.256266989,17/06/2006
0.277920262,18/06/2006
0.300834052,19/06/2006
0.330673661,20/06/2006
0.366772795,21/06/2006
0.403207394,22/06/2006
0.439177596,23/06/2006
0.466197063,24/06/2006
0.494347448,25/06/2006
0.523668653,26/06/2006
0.559680072,27/06/2006
0.594836376,28/06/2006
0.628819709,29/06/2006
0.660670629,30/06/2006
0.692838019,01/07/2006
0.726368754,02/07/2006
0.760883661,03/07/2006
0.793995094,04/07/2006
0.82341824,05/07/2006
0.850808,06/07/2006
0.876009449,07/07/2006
0.910047127,08/07/2006
0.94473311,09/07/2006
0.979201155,10/07/2006
1.006078443,11/07/2006
1.023811495,12/07/2006
1.03913644,13/07/2006
1.052279532,14/07/2006
1.080913276,15/07/2006
1.108306818,16/07/2006
1.133430274,17/07/2006
1.147754376,18/07/2006
1.151461827,19/07/2006
1.153101871,20/07/2006
1.153144515,21/07/2006
1.160192611,22/07/2006
1.173513931,23/07/2006
1.184190889,24/07/2006
1.192144283,25/07/2006
1.184423648,26/07/2006
1.175392004,27/07/2006
1.16520695,28/07/2006
1.166068566,29/07/2006
1.164585133,30/07/2006
1.16020696,31/07/2006
1.152498134,01/08/2006
1.138347797,02/08/2006
1.119593546,03/08/2006
1.099907656,04/08/2006
1.079892299,05/08/2006
1.061248249,06/08/2006
1.041322618,07/08/2006
1.017987462,08/08/2006
0.991541126,09/08/2006
0.965711947,10/08/2006
0.942560638,11/08/2006
0.919275869,12/08/2006
0.896114596,13/08/2006
0.864933456,14/08/2006
0.832520548,15/08/2006
0.809505271,16/08/2006
0.786492486,17/08/2006
0.763607178,18/08/2006
0.730933573,19/08/2006
0.698537754,20/08/2006
0.667199215,21/08/2006
0.645834798,22/08/2006
0.624688958,23/08/2006
0.603871013,24/08/2006
0.583534411,25/08/2006
0.563770648,26/08/2006
0.536190936,27/08/2006
0.510379703,28/08/2006
0.487052828,29/08/2006
0.467461195,30/08/2006
0.450177977,31/08/2006
0.431707659,01/09/2006
0.412885821,02/09/2006
0.395808398,03/09/2006
0.380076522,04/09/2006
0.3646867,05/09/2006
0.349813345,06/09/2006
0.335451437,07/09/2006
0.32156693,08/09/2006
0.308115166,09/09/2006
0.29505493,10/09/2006
0.282353981,11/09/2006
0.269552543,12/09/2006
0.25628228,13/09/2006
0.242842365,14/09/2006
0.229325376,15/09/2006
0.216035159,16/09/2006
0.205596819,17/09/2006
0.195600551,18/09/2006
0.186080334,19/09/2006
0.176992805,20/09/2006
0.1682702,21/09/2006
0.159848957,22/09/2006
0.151680817,23/09/2006
0.142111415,24/09/2006
0.133383546,25/09/2006
0.125800183,26/09/2006
0.119034555,27/09/2006
0.112712812,28/09/2006
0.106798686,29/09/2006
0.101195379,30/09/2006
0.095433368,01/10/2006
0.089797853,02/10/2006
0.084767658,03/10/2006
0.080295952,04/10/2006
0.075968404,05/10/2006
0.07199892,06/10/2006
0.068523837,07/10/2006
0.065354326,08/10/2006
0.062353629,09/10/2006
0.059215931,10/10/2006
0.056047104,11/10/2006
0.053030612,12/10/2006
0.0500706,13/10/2006
0.04710567,14/10/2006
0.044121273,15/10/2006
0.041132331,16/10/2006
0.038165486,17/10/2006
0.035248665,18/10/2006
0.032406596,19/10/2006
0.029659585,20/10/2006
0.027023695,21/10/2006
0.025853082,22/10/2006
0.024675996,23/10/2006
0.023510814,24/10/2006
0.021577589,25/10/2006
0.019978311,26/10/2006
0.018796937,27/10/2006
0.018341324,28/10/2006
0.018038874,29/10/2006
0.017872787,30/10/2006
0.017899677,31/10/2006
0.018009597,01/11/2006
0.018688644,02/11/2006
0.019859214,03/11/2006
0.021080278,04/11/2006
0.022357429,05/11/2006
0.023949323,06/11/2006
0.025885761,07/11/2006
0.028071672,08/11/2006
0.030326576,09/11/2006
0.032573149,10/11/2006
0.034981258,11/11/2006
0.037472126,12/11/2006
0.03995888,13/11/2006
0.042205055,14/11/2006
0.044264006,15/11/2006
0.046107345,16/11/2006
0.048157633,17/11/2006
0.050518238,18/11/2006
0.052691135,19/11/2006
0.05465305,20/11/2006
0.056019317,21/11/2006
0.057178102,22/11/2006
0.058148699,23/11/2006
0.058944874,24/11/2006
0.060126973,25/11/2006
0.061726481,26/11/2006
0.063161346,27/11/2006
0.064443891,28/11/2006
0.064867264,29/11/2006
0.065167915,30/11/2006
0.065358173,01/12/2006
0.065450617,02/12/2006
0.065458975,03/12/2006
0.065396992,04/12/2006
0.065277298,05/12/2006
0.065110838,06/12/2006
0.065996912,07/12/2006
0.066830205,08/12/2006
0.067604506,09/12/2006
0.067813324,10/12/2006
0.067424953,11/12/2006
0.066941743,12/12/2006
0.067601818,13/12/2006
0.068266699,14/12/2006
0.068903746,15/12/2006
0.069492103,16/12/2006
0.068653132,17/12/2006
0.067656246,18/12/2006
0.06728882,19/12/2006
0.067609313,20/12/2006
0.067846632,21/12/2006
0.067220333,22/12/2006
0.065698375,23/12/2006
0.064088446,24/12/2006
0.062467212,25/12/2006
0.060903304,26/12/2006
0.0600236,27/12/2006
0.059684302,28/12/2006
0.059232076,29/12/2006
0.058655681,30/12/2006
0.057506702,31/12/2006
0.055947908,01/01/2007
0.054798741,02/01/2007
0.05392556,03/01/2007
0.052933715,04/01/2007
0.051813009,05/01/2007
0.050261284,06/01/2007
0.048754255,07/01/2007
0.047303465,08/01/2007
0.045928328,09/01/2007
0.044640145,10/01/2007
0.043280918,11/01/2007
0.041804396,12/01/2007
0.040396303,13/01/2007
0.039193151,14/01/2007
0.038044668,15/01/2007
0.036705395,16/01/2007
0.035077104,17/01/2007
0.033413023,18/01/2007
0.031777575,19/01/2007
0.030226007,20/01/2007
0.029028066,21/01/2007
0.028151372,22/01/2007
0.027324254,23/01/2007
0.026273284,24/01/2007
0.025001557,25/01/2007
0.024046855,26/01/2007
0.023417637,27/01/2007
0.022827153,28/01/2007
0.022274279,29/01/2007
0.021217188,30/01/2007
0.020175331,31/01/2007
0.01917456,01/02/2007
0.018248319,02/02/2007
0.017434721,03/02/2007
0.016768064,04/02/2007
0.016261924,05/02/2007
0.016041803,06/02/2007
0.016056698,07/02/2007
0.016166883,08/02/2007
0.01637611,09/02/2007
0.016288776,10/02/2007
0.016324587,11/02/2007
0.016519724,12/02/2007
0.016916891,13/02/2007
0.017556841,14/02/2007
0.018459025,15/02/2007
0.019591876,16/02/2007
0.020334506,17/02/2007
0.021156024,18/02/2007
0.02202977,19/02/2007
0.022931971,20/02/2007
0.024292685,21/02/2007
0.025657373,22/02/2007
0.026928823,23/02/2007
0.028020448,24/02/2007
0.028913703,25/02/2007
0.029891309,26/02/2007
0.030817276,27/02/2007
0.031673659,28/02/2007
0.032527738,01/03/2007
0.033364053,02/03/2007
0.034198179,03/03/2007
0.035054498,04/03/2007
0.035957889,05/03/2007
0.036891568,06/03/2007
0.03785067,07/03/2007
0.03883661,08/03/2007
0.039851605,09/03/2007
0.040898699,10/03/2007
0.041981888,11/03/2007
0.043106202,12/03/2007
0.044277479,13/03/2007
0.045501379,14/03/2007
0.046780765,15/03/2007
0.048110876,16/03/2007
0.049418772,17/03/2007
0.050727237,18/03/2007
0.052088466,19/03/2007
0.053490836,20/03/2007
0.054927353,21/03/2007
0.056421121,22/03/2007
0.057931588,23/03/2007
0.05946096,24/03/2007
0.06106033,25/03/2007
0.062868289,26/03/2007
0.064692998,27/03/2007
0.066374922,28/03/2007
0.068095656,29/03/2007
0.069856867,30/03/2007
0.072298553,31/03/2007
0.075136779,01/04/2007
0.078297575,02/04/2007
0.081011326,03/04/2007
0.083175429,04/04/2007
0.085384423,05/04/2007
0.08831868,06/04/2007
0.091831066,07/04/2007
0.095005338,08/04/2007
0.097752698,09/04/2007
0.100134349,10/04/2007
0.102496846,11/04/2007
0.104802385,12/04/2007
0.107066921,13/04/2007
0.109022142,14/04/2007
0.11066277,15/04/2007
0.112079358,16/04/2007
0.113341073,17/04/2007
0.114852921,18/04/2007
0.116660598,19/04/2007
0.118395061,20/04/2007
0.120039547,21/04/2007
0.121610025,22/04/2007
0.122254142,23/04/2007
0.122345559,24/04/2007
0.123713469,25/04/2007
0.12507064,26/04/2007
0.126414054,27/04/2007
0.127734852,28/04/2007
0.129014875,29/04/2007
0.130224779,30/04/2007
0.131330631,01/05/2007
0.132321775,02/05/2007
0.130435307,03/05/2007
0.128091616,04/05/2007
0.125777104,05/05/2007
0.123832366,06/05/2007
0.123177648,07/05/2007
0.123403068,08/05/2007
0.123607121,09/05/2007
0.122207901,10/05/2007
0.120373385,11/05/2007
0.117909554,12/05/2007
0.118046495,13/05/2007
0.118144663,14/05/2007
0.116728655,15/05/2007
0.113568869,16/05/2007
0.110318651,17/05/2007
0.108784041,18/05/2007
0.108613574,19/05/2007
0.108315338,20/05/2007
0.108033332,21/05/2007
0.107946203,22/05/2007
0.106889084,23/05/2007
0.1056037,24/05/2007
0.105867527,25/05/2007
0.107721322,26/05/2007
0.109894609,27/05/2007
0.111444982,28/05/2007
0.114486336,29/05/2007
0.120141597,30/05/2007
0.127368616,31/05/2007
0.13301679,01/06/2007
0.136046517,02/06/2007
0.139127116,03/06/2007
0.142418642,04/06/2007
0.146032019,05/06/2007
0.158192764,06/06/2007
0.172045664,07/06/2007
0.187238645,08/06/2007
0.203084377,09/06/2007
0.210116162,10/06/2007
0.217680834,11/06/2007
0.225866497,12/06/2007
0.244015747,13/06/2007
0.262465977,14/06/2007
0.280938396,15/06/2007
0.298928822,16/06/2007
0.30995791,17/06/2007
0.321628378,18/06/2007
0.333983352,19/06/2007
0.35202556,20/06/2007
0.369157385,21/06/2007
0.383972213,22/06/2007
0.397843617,23/06/2007
0.412397174,24/06/2007
0.427547967,25/06/2007
0.442458336,26/06/2007
0.455900684,27/06/2007
0.467789171,28/06/2007
0.480204339,29/06/2007
0.494648526,30/06/2007
0.509287817,01/07/2007
0.523987546,02/07/2007
0.530971953,03/07/2007
0.536310373,04/07/2007
0.540182917,05/07/2007
0.54291248,06/07/2007
0.554275183,07/07/2007
0.565424859,08/07/2007
0.575845191,09/07/2007
0.585212094,10/07/2007
0.583593575,11/07/2007
0.581278133,12/07/2007
0.57841835,13/07/2007
0.579765634,14/07/2007
0.584819717,15/07/2007
0.588626427,16/07/2007
0.587332178,17/07/2007
0.581643512,18/07/2007
0.575621223,19/07/2007
0.569476678,20/07/2007
0.563425141,21/07/2007
0.557592337,22/07/2007
0.552017439,23/07/2007
0.549948164,24/07/2007
0.546660656,25/07/2007
0.542061255,26/07/2007
0.535697167,27/07/2007
0.528440925,28/07/2007
0.52089672,29/07/2007
0.513091347,30/07/2007
0.50503015,31/07/2007
0.495782555,01/08/2007
0.485377361,02/08/2007
0.47392874,03/08/2007
0.463024321,04/08/2007
0.453256121,05/08/2007
0.443290008,06/08/2007
0.433306754,07/08/2007
0.423490555,08/08/2007
0.412013887,09/08/2007
0.398197642,10/08/2007
0.383808229,11/08/2007
0.37446213,12/08/2007
0.365214124,13/08/2007
0.356047829,14/08/2007
0.341457431,15/08/2007
0.326568885,16/08/2007
0.311766107,17/08/2007
0.300377836,18/08/2007
0.292276083,19/08/2007
0.284264432,20/08/2007
0.27357322,21/08/2007
0.26047384,22/08/2007
0.248109285,23/08/2007
0.236534538,24/08/2007
0.229988769,25/08/2007
0.223548384,26/08/2007
0.217213703,27/08/2007
0.209139721,28/08/2007
0.199715208,29/08/2007
0.191280421,30/08/2007
0.184348467,31/08/2007
0.179363169,01/09/2007
0.175368708,02/09/2007
0.170825448,03/09/2007
0.166350181,04/09/2007
0.161935594,05/09/2007
0.158843197,06/09/2007
0.158133226,07/09/2007
0.156080054,08/09/2007
0.151955413,09/09/2007
0.147912843,10/09/2007
0.143949718,11/09/2007
0.140061079,12/09/2007
0.136243392,13/09/2007
0.13450468,14/09/2007
0.134751867,15/09/2007
0.134677778,16/09/2007
0.133979061,17/09/2007
0.132580799,18/09/2007
0.128732688,19/09/2007
0.124979859,20/09/2007
0.121325841,21/09/2007
0.117776393,22/09/2007
0.114333551,23/09/2007
0.110995108,24/09/2007
0.107756039,25/09/2007
0.105190774,26/09/2007
0.102951934,27/09/2007
0.100283065,28/09/2007
0.097239298,29/09/2007
0.094214071,30/09/2007
0.091318633,01/10/2007
0.08840654,02/10/2007
0.085170056,03/10/2007
0.081631883,04/10/2007
0.078498052,05/10/2007
0.076124405,06/10/2007
0.073927401,07/10/2007
0.071872048,08/10/2007
0.069913156,09/10/2007
0.068013248,10/10/2007
0.066147784,11/10/2007
0.064303679,12/10/2007
0.062475832,13/10/2007
0.060663928,14/10/2007
0.058862812,15/10/2007
0.05615161,16/10/2007
0.053407026,17/10/2007
0.050685841,18/10/2007
0.048087198,19/10/2007
0.046683162,20/10/2007
0.045349969,21/10/2007
0.044109759,22/10/2007
0.042937192,23/10/2007
0.040944753,24/10/2007
0.039230045,25/10/2007
0.037817878,26/10/2007
0.037027008,27/10/2007
0.036329069,28/10/2007
0.035695182,29/10/2007
0.034806248,30/10/2007
0.034207507,31/10/2007
0.033917421,01/11/2007
0.033908857,02/11/2007
0.033590942,03/11/2007
0.033297033,04/11/2007
0.033003904,05/11/2007
0.032710385,06/11/2007
0.03309554,07/11/2007
0.033668227,08/11/2007
0.034389439,09/11/2007
0.035171534,10/11/2007
0.034863928,11/11/2007
0.034534508,12/11/2007
0.034186379,13/11/2007
0.03388075,14/11/2007
0.034736683,15/11/2007
0.035568033,16/11/2007
0.035695469,17/11/2007
0.035285019,18/11/2007
0.034929116,19/11/2007
0.035565529,20/11/2007
0.036018581,21/11/2007
0.036259612,22/11/2007
0.036042362,23/11/2007
0.035540322,24/11/2007
0.035022205,25/11/2007
0.034530998,26/11/2007
0.034533828,27/11/2007
0.034444409,28/11/2007
0.034236805,29/11/2007
0.033898526,30/11/2007
0.033297555,01/12/2007
0.032698412,02/12/2007
0.032108645,03/12/2007
0.031536804,04/12/2007
0.03106152,05/12/2007
0.030594641,06/12/2007
0.030067547,07/12/2007
0.029498729,08/12/2007
0.028976728,09/12/2007
0.02849549,10/12/2007
0.028059693,11/12/2007
0.02765516,12/12/2007
0.027111534,13/12/2007
0.026562027,14/12/2007
0.026015503,15/12/2007
0.025483638,16/12/2007
0.024978767,17/12/2007
0.024508398,18/12/2007
0.024196821,19/12/2007
0.024033951,20/12/2007
0.023942397,21/12/2007
0.023710646,22/12/2007
0.02337283,23/12/2007
0.023061442,24/12/2007
0.022803948,25/12/2007
0.022907938,26/12/2007
0.023061624,27/12/2007
0.02320485,28/12/2007
0.023008246,29/12/2007
0.022820614,30/12/2007
0.02264766,31/12/2007
0.0224969,01/01/2008
0.022423685,02/01/2008
0.022775828,03/01/2008
0.023134636,04/01/2008
0.023490437,05/01/2008
0.023791376,06/01/2008
0.023807489,07/01/2008
0.023861005,08/01/2008
0.023985077,09/01/2008
0.024338014,10/01/2008
0.024636766,11/01/2008
0.024821511,12/01/2008
0.024989426,13/01/2008
0.02518676,14/01/2008
0.025405812,15/01/2008
0.025525198,16/01/2008
0.025498756,17/01/2008
0.025343358,18/01/2008
0.025379783,19/01/2008
0.025575635,20/01/2008
0.025776568,21/01/2008
0.025912654,22/01/2008
0.025565296,23/01/2008
0.025119286,24/01/2008
0.024599069,25/01/2008
0.024506758,26/01/2008
0.024668636,27/01/2008
0.024829354,28/01/2008
0.024988717,29/01/2008
0.024667115,30/01/2008
0.024086282,31/01/2008
0.023544987,01/02/2008
0.023166538,02/02/2008
0.023324808,03/02/2008
0.023480412,04/02/2008
0.023632607,05/02/2008
0.023781177,06/02/2008
0.023924657,07/02/2008
0.023976196,08/02/2008
0.023668214,09/02/2008
0.02352977,10/02/2008
0.023573934,11/02/2008
0.023747488,12/02/2008
0.023889386,13/02/2008
0.023981944,14/02/2008
0.024027168,15/02/2008
0.02404315,16/02/2008
0.024069207,17/02/2008
0.024157854,18/02/2008
0.024409557,19/02/2008
0.025097661,20/02/2008
0.02572159,21/02/2008
0.026203737,22/02/2008
0.026655836,23/02/2008
0.027215714,24/02/2008
0.027862322,25/02/2008
0.028401432,26/02/2008
0.028698517,27/02/2008
0.028811919,28/02/2008
0.028979842,29/02/2008
0.029827372,01/03/2008
0.030676499,02/03/2008
0.031521729,03/03/2008
0.032358549,04/03/2008
0.033185063,05/03/2008
0.034004629,06/03/2008
0.034829444,07/03/2008
0.035683464,08/03/2008
0.036599393,09/03/2008
0.037599892,10/03/2008
0.038238221,11/03/2008
0.038678844,12/03/2008
0.039154564,13/03/2008
0.040195462,14/03/2008
0.041506461,15/03/2008
0.042938437,16/03/2008
0.044541046,17/03/2008
0.045807998,18/03/2008
0.047485201,19/03/2008
0.050035758,20/03/2008
0.053397581,21/03/2008
0.057394738,22/03/2008
0.061842749,23/03/2008
0.066590339,24/03/2008
0.071526412,25/03/2008
0.075327267,26/03/2008
0.078862736,27/03/2008
0.082623889,28/03/2008
0.087851192,29/03/2008
0.093865863,30/03/2008
0.09980161,31/03/2008
0.104419215,01/04/2008
0.109287631,02/04/2008
0.114421125,03/04/2008
0.120350358,04/04/2008
0.128290492,05/04/2008
0.136855273,06/04/2008
0.145723387,07/04/2008
0.15266867,08/04/2008
0.159275128,09/04/2008
0.166079034,10/04/2008
0.172976591,11/04/2008
0.18153185,12/04/2008
0.189648228,13/04/2008
0.196497521,14/04/2008
0.202493835,15/04/2008
0.208959539,16/04/2008
0.215281556,17/04/2008
0.219929996,18/04/2008
0.223006973,19/04/2008
0.22495881,20/04/2008
0.227402808,21/04/2008
0.232496849,22/04/2008
0.237411333,23/04/2008
0.242123197,24/04/2008
0.242848674,25/04/2008
0.24223215,26/04/2008
0.241314137,27/04/2008
0.24037498,28/04/2008
0.243238324,29/04/2008
0.246785617,30/04/2008
0.250167803,01/05/2008
0.253349261,02/05/2008
0.254829456,03/05/2008
0.253580707,04/05/2008
0.25289264,05/05/2008
0.252899688,06/05/2008
0.255104802,07/05/2008
0.25744036,08/05/2008
0.259570711,09/05/2008
0.261507755,10/05/2008
0.262589974,11/05/2008
0.264581238,12/05/2008
0.267693468,13/05/2008
0.271031203,14/05/2008
0.273226728,15/05/2008
0.275330958,16/05/2008
0.278553553,17/05/2008
0.284292623,18/05/2008
0.290614658,19/05/2008
0.295805693,20/05/2008
0.298638601,21/05/2008
0.301414515,22/05/2008
0.306050592,23/05/2008
0.313931684,24/05/2008
0.322149293,25/05/2008
0.330559618,26/05/2008
0.337131229,27/05/2008
0.340841329,28/05/2008
0.344468251,29/05/2008
0.348074644,30/05/2008
0.354077004,31/05/2008
0.363632132,01/06/2008
0.373530763,02/06/2008
0.383644952,03/06/2008
0.388450505,04/06/2008
0.392763734,05/06/2008
0.399784583,06/06/2008
0.410299335,07/06/2008
0.420482359,08/06/2008
0.428093763,09/06/2008
0.433027886,10/06/2008
0.438175532,11/06/2008
0.443652516,12/06/2008
0.451274377,13/06/2008
0.460056031,14/06/2008
0.467035842,15/06/2008
0.472283747,16/06/2008
0.47728237,17/06/2008
0.483716033,18/06/2008
0.490799769,19/06/2008
0.498599981,20/06/2008
0.501580884,21/06/2008
0.503835205,22/06/2008
0.505977785,23/06/2008
0.510870002,24/06/2008
0.519142438,25/06/2008
0.528072578,26/06/2008
0.537567318,27/06/2008
0.539673012,28/06/2008
0.542676233,29/06/2008
0.546833735,30/06/2008
0.556158409,01/07/2008
0.565644938,02/07/2008
0.575040718,03/07/2008
0.581874054,04/07/2008
0.5874778,05/07/2008
0.594514134,06/07/2008
0.602613863,07/07/2008
0.611316565,08/07/2008
0.619896634,09/07/2008
0.627854778,10/07/2008
0.634797237,11/07/2008
0.642283861,12/07/2008
0.651178267,13/07/2008
0.660103141,14/07/2008
0.667029935,15/07/2008
0.671412392,16/07/2008
0.674418291,17/07/2008
0.676509764,18/07/2008
0.68456069,19/07/2008
0.691934941,20/07/2008
0.698157208,21/07/2008
0.698718651,22/07/2008
0.698675807,23/07/2008
0.698461727,24/07/2008
0.703094909,25/07/2008
0.706414531,26/07/2008
0.708395763,27/07/2008
0.709131206,28/07/2008
0.707731777,29/07/2008
0.70505615,30/07/2008
0.702100822,31/07/2008
0.699003306,01/08/2008
0.695962855,02/08/2008
0.693242705,03/08/2008
0.691139503,04/08/2008
0.689902774,05/08/2008
0.687556414,06/08/2008
0.683091874,07/08/2008
0.677590133,08/08/2008
0.674228506,09/08/2008
0.673314484,10/08/2008
0.672189637,11/08/2008
0.664059402,12/08/2008
0.655045861,13/08/2008
0.645362926,14/08/2008
0.636260252,15/08/2008
0.633780514,16/08/2008
0.631162853,17/08/2008
0.628184875,18/08/2008
0.619339667,19/08/2008
0.607021779,20/08/2008
0.594427011,21/08/2008
0.582798299,22/08/2008
0.577127362,23/08/2008
0.570696477,24/08/2008
0.563319417,25/08/2008
0.551155238,26/08/2008
0.536662035,27/08/2008
0.522872444,28/08/2008
0.512955302,29/08/2008
0.502054579,30/08/2008
0.490122997,31/08/2008
0.475246887,01/09/2008
0.459185183,02/09/2008
0.443216881,03/09/2008
0.427650366,04/09/2008
0.41280206,05/09/2008
0.398167024,06/09/2008
0.382620237,07/09/2008
0.3662372,08/09/2008
0.349466328,09/09/2008
0.334724672,10/09/2008
0.320519018,11/09/2008
0.306035205,12/09/2008
0.287883347,13/09/2008
0.268900427,14/09/2008
0.249235594,15/09/2008
0.234537129,16/09/2008
0.222673954,17/09/2008
0.211465585,18/09/2008
0.20086525,19/09/2008
0.184627782,20/09/2008
0.165763991,21/09/2008
0.147147831,22/09/2008
0.131575598,23/09/2008
0.124327398,24/09/2008
0.117640953,25/09/2008
0.109331448,26/09/2008
0.095234971,27/09/2008
0.082946528,28/09/2008
0.074187113,29/09/2008
0.070831526,30/09/2008
0.067861868,01/10/2008
0.063972622,02/10/2008
0.058019558,03/10/2008
0.05449199,04/10/2008
0.053663574,05/10/2008
0.054398118,06/10/2008
0.053581356,07/10/2008
0.052792009,08/10/2008
0.051932648,09/10/2008
0.050917341,10/10/2008
0.049716419,11/10/2008
0.048343365,12/10/2008
0.046833138,13/10/2008
0.04522689,14/10/2008
0.043563799,15/10/2008
0.04187806,16/10/2008
0.041709495,17/10/2008
0.045544262,18/10/2008
0.049605597,19/10/2008
0.053382198,20/10/2008
0.052932106,21/10/2008
0.051697808,22/10/2008
0.050695274,23/10/2008
0.049909414,24/10/2008
0.049287157,25/10/2008
0.048767467,26/10/2008
0.048298469,27/10/2008
0.047843556,28/10/2008
0.047380777,29/10/2008
0.046899403,30/10/2008
0.046396391,31/10/2008
0.045873425,01/11/2008
0.045334748,02/11/2008
0.044785724,03/11/2008
0.04423186,04/11/2008
0.043678459,05/11/2008
0.043130446,06/11/2008
0.042592264,07/11/2008
0.042067838,08/11/2008
0.041560599,09/11/2008
0.041073514,10/11/2008
0.040609144,11/11/2008
0.04016968,12/11/2008
0.039756994,13/11/2008
0.039372683,14/11/2008
0.039018113,15/11/2008
0.038694447,16/11/2008
0.038402674,17/11/2008
0.038143634,18/11/2008
0.037918053,19/11/2008
0.037726548,20/11/2008
0.037569637,21/11/2008
0.037447751,22/11/2008
0.037361244,23/11/2008
0.037310404,24/11/2008
0.037295459,25/11/2008
0.037316583,26/11/2008
0.037373904,27/11/2008
0.037467509,28/11/2008
0.037597447,29/11/2008
0.037763734,30/11/2008
0.037966357,01/12/2008
0.038205268,02/12/2008
0.038480358,03/12/2008
0.038791485,04/12/2008
0.039138494,05/12/2008
0.039521211,06/12/2008
0.039939449,07/12/2008
0.040392997,08/12/2008
0.040881563,09/12/2008
0.041404828,10/12/2008
0.041962465,11/12/2008
0.04255414,12/12/2008
0.043179511,13/12/2008
0.043838234,14/12/2008
0.044529956,15/12/2008
0.045254323,16/12/2008
0.046010977,17/12/2008
0.046799556,18/12/2008
0.047619695,19/12/2008
0.048471029,20/12/2008
0.049353188,21/12/2008
0.050265804,22/12/2008
0.051208505,23/12/2008
0.052180921,24/12/2008
0.05318268,25/12/2008
0.05421341,26/12/2008
0.05527274,27/12/2008
0.0563603,28/12/2008
0.057475721,29/12/2008
0.058618667,30/12/2008
0,01/01/2009
0,02/01/2009
0,03/01/2009
0,04/01/2009
0,05/01/2009
0,06/01/2009
0,07/01/2009
0,08/01/2009
0,09/01/2009
0,10/01/2009
0,11/01/2009
0,12/01/2009
0,13/01/2009
0,14/01/2009
0,15/01/2009
0,16/01/2009
0,17/01/2009
0,18/01/2009
0,19/01/2009
0,20/01/2009
0,21/01/2009
0,22/01/2009
0,23/01/2009
0,24/01/2009
0,25/01/2009
0,26/01/2009
0,27/01/2009
0,28/01/2009
0,29/01/2009
0,30/01/2009
0,31/01/2009
0,01/02/2009
0,02/02/2009
0,03/02/2009
0,04/02/2009
0,05/02/2009
0,06/02/2009
0,07/02/2009
0,08/02/2009
0,09/02/2009
0,10/02/2009
0,11/02/2009
0,12/02/2009
0,13/02/2009
0,14/02/2009
0,15/02/2009
0,16/02/2009
0,17/02/2009
0,18/02/2009
0,19/02/2009
0,20/02/2009
0,21/02/2009
0,22/02/2009
0,23/02/2009
0,24/02/2009
0,25/02/2009
0,26/02/2009
0,27/02/2009
0,28/02/2009
0,01/03/2009
0,02/03/2009
0,03/03/2009
0,04/03/2009
0,05/03/2009
0,06/03/2009
0,07/03/2009
0,08/03/2009
0,09/03/2009
0,10/03/2009
0,11/03/2009
0,12/03/2009
0,13/03/2009
0,14/03/2009
0,15/03/2009
0,16/03/2009
0,17/03/2009
0,18/03/2009
0,19/03/2009
0,20/03/2009
0,21/03/2009
0,22/03/2009
0,23/03/2009
0,24/03/2009
0,25/03/2009
0,26/03/2009
0,27/03/2009
0,28/03/2009
0,29/03/2009
0,30/03/2009
0,31/03/2009
0,01/04/2009
0,02/04/2009
0,03/04/2009
