CRUISE,SAMPLER,STUDYAREA,DREDGE,STATION,STNNO,AREA,BANK,YEAR,MONTH,DAY,HOUR,MIN,DURMIN,DURSEC,SLATDEG,SLATMIN,SLONGDEG,SLONGMIN,HLATDEG,HLATMIN,HLONGDEG,HLONGMIN,SLATDEC,SLONGDEC,HLATDEC,HLONGDEC,MLATDEC,MLONGDEC,DEPTH,HOURDEC,DURDEC,ShtLongUTM,ShtLatUTM,HlLongUTM,HlLatUTM,DistTowed,AreaSwpt,LongDif,LatDif,DirEW,DirNS
JUN00,DREDGE,FORTH,C00/081,4,4A,MAINWEE,WEE,2000,7,1,23,15,10,45,56,14.44,2,2.67,56,14.74,2,2.12,56.24,-2.04,56.25,-2.04,56.24,-2.04,41,,,559216.28,6233285.42,559784.9,6233848.07,799.94,1599.88,-568.61,-562.65,E,N
JUN00,DREDGE,FORTH,C00/082,5,5A,MAINWEE,WEE,2000,7,1,23,38,10,50,56,15.14,2,1.5,56,15.51,2,1.01,56.25,-2.02,56.26,-2.02,56.26,-2.02,42,,,560415.9,6234589.8,560905.76,6235292.5,856.59,1713.19,-489.86,-702.7,E,N
JUN00,DREDGE,FORTH,C00/083,5,5B,MAINWEE,WEE,2000,7,2,0,14,10,45,56,15.6,2,0.93,56,15.1,2,1.4,56.26,-2.02,56.25,-2.02,56.26,-2.02,43,,,560986.18,6235445.78,560514.97,6234522.55,1036.53,2073.06,471.21,923.23,W,S
JUN00,DREDGE,FORTH,C00/084,4,4B,MAINWEE,WEE,2000,7,2,0,56,10,30,56,14.38,2,2.59,56,14.64,2,2.12,56.24,-2.04,56.24,-2.04,56.24,-2.04,43,,,559304.65,6233171.62,559779.33,6233655.04,677.52,1355.04,-474.69,-483.43,E,N
JUN00,DREDGE,FORTH,C00/085,8,8A,NTHWEEOUT,WEE,2000,7,2,2,11,10,25,56,22.51,1,56.02,56,22.94,1,56.04,56.38,-1.93,56.38,-1.93,56.38,-1.93,47,,,565858.78,6248344.37,565824.75,6249145.38,801.72,1603.45,34.03,-801,W,N
JUN00,DREDGE,FORTH,C00/086,8,8B,NTHWEEOUT,WEE,2000,7,2,2,32,11,10,56,23.09,1,55.95,56,22.45,1,55.91,56.38,-1.93,56.37,-1.93,56.38,-1.93,47,,,565913.02,6249426.91,565972.56,6248244.09,1184.31,2368.63,-59.54,1182.82,E,S
MAR01,DREDGE,FORTH,C01/024,8,8A,NTHWEE,WEE,2001,3,9,20,19,10,20,56,25.06,1,57.98,56,25.07,1,58.72,56.42,-1.97,56.42,-1.98,56.42,-1.97,43,,,563768.29,6253038.13,563012.15,6253056.52,756.36,1512.73,756.14,-18.39,W,N
MAR01,DREDGE,FORTH,C01/025,8,8B,NTHWEE,WEE,2001,3,9,20,38,10,0,56,24.99,1,58.8,56,25.03,1,57.94,56.42,-1.98,56.42,-1.97,56.42,-1.97,44,,,562926.98,6252904.97,563812.31,6252983.13,888.77,1777.54,-885.33,-78.16,E,N
MAR01,DREDGE,FORTH,C01/026,9,9A,NORTHMARR,MARR,2001,3,9,22,57,10,0,56,27.81,1,44.8,56,27.81,1,44.11,56.46,-1.75,56.46,-1.74,56.46,-1.74,49,,,577228.2,6258371.94,577931.69,6258381.12,703.55,1407.1,-703.49,-9.18,E,N
MAR01,DREDGE,FORTH,C01/027,9,9B,NORTHMARR,MARR,2001,3,9,23,27,11,0,56,27.82,1,44.16,56,27.82,1,44.84,56.46,-1.74,56.46,-1.75,56.46,-1.74,54,,,577885.92,6258411.82,577185.89,6258382.3,700.65,1401.31,700.03,29.52,W,S
MAR01,DREDGE,FORTH,C01/028,5,5A,MAINWEE,WEE,2001,3,11,2,48,10,10,56,15.02,2,1.57,56,15.36,2,1.17,56.25,-2.03,56.26,-2.02,56.25,-2.02,44,,,560339.4,6234375.36,560741.43,6235011.86,752.84,1505.68,-402.03,-636.5,E,N
MAR01,DREDGE,FORTH,C01/029,5,5B,MAINWEE,WEE,2001,3,11,3,7,10,15,56,15.35,2,1.17,56,14.93,2,1.51,56.26,-2.02,56.25,-2.03,56.25,-2.02,45,,,560742.86,6234984.05,560405.81,6234207.46,846.57,1693.15,337.04,776.59,W,S
JUN01,DREDGE,FORTH,C01/187,1,1A,SOUTHBER,BERWICKS,2001,5,27,20,50,10,0,56,3.61,1,19.87,56,3.97,1,19.46,56.06,-1.33,56.07,-1.32,56.06,-1.33,48.8,,,603914.07,6214037.21,604328.46,6214717.17,796.29,1592.57,-414.39,-679.97,E,N
JUN01,DREDGE,FORTH,C01/188,1,1B,SOUTHBER,BERWICKS,2001,5,27,21,9,10,0,56,4.06,1,19.28,56,3.8,1,19.64,56.07,-1.32,56.06,-1.33,56.07,-1.32,44.4,,,604509.26,6214881.16,604147.67,6214380.61,617.49,1234.99,361.58,500.56,W,S
JUN01,DREDGE,FORTH,C01/189,2,2A,NORTHBER,BERWICKS,2001,5,27,21,47,10,0,56,7.05,1,23.32,56,7.44,1,23.33,56.12,-1.39,56.12,-1.39,56.12,-1.39,45,,,600185.15,6220330.5,600155.99,6221046.13,716.22,1432.45,29.15,-715.63,W,N
JUN01,DREDGE,FORTH,C01/190,2,2B,NORTHBER,BERWICKS,2001,5,27,22,7,10,0,56,7.6,1,23.36,56,7.21,1,23.25,56.13,-1.39,56.12,-1.39,56.12,-1.39,45,,,600115.96,6221340.25,600247.85,6220619.6,732.62,1465.24,-131.89,720.65,E,S
JUN01,DREDGE,FORTH,C01/191,6,6A,MAINWEE,WEE,2001,5,28,0,39,10,7,56,14.29,1,58.93,56,14.77,1,58.91,56.24,-1.98,56.25,-1.98,56.24,-1.98,45.2,,,563084.63,6233060.65,563097.4,6233943.97,883.41,1766.83,-12.78,-883.32,E,N
JUN01,DREDGE,FORTH,C01/192,6,6B,MAINWEE,WEE,2001,5,28,0,59,10,1,56,14.76,1,58.98,56,14.37,1,58.94,56.25,-1.98,56.24,-1.98,56.24,-1.98,46,,,563027.5,6233920.68,563070.23,6233195.88,726.06,1452.12,-42.73,724.8,E,S
JUN01,DREDGE,FORTH,C01/193,5,5A,MAINWEE,WEE,2001,5,28,1,26,10,4,56,15.07,2,1.44,56,15.47,2,1.08,56.25,-2.02,56.26,-2.02,56.25,-2.02,42.1,,,560475.46,6234468.19,560838.76,6235211.76,827.58,1655.16,-363.3,-743.57,E,N
JUN01,DREDGE,FORTH,C01/194,5,5B,MAINWEE,WEE,2001,5,28,1,45,10,5,56,15.5,2,0.96,56,15.19,2,1.34,56.26,-2.02,56.25,-2.02,56.26,-2.02,42.2,,,560958.66,6235276.56,560575.64,6234686.68,703.31,1406.62,383.01,589.87,W,S
JUN01,DREDGE,FORTH,C01/195,4,4A,MAINWEE,WEE,2001,5,28,2,4,10,12,56,14.95,2,1.62,56,14.66,2,2.12,56.25,-2.03,56.24,-2.04,56.25,-2.03,42.6,,,560288.67,6234237.35,559786.97,6233699.68,735.38,1470.77,501.7,537.67,W,S
JUN01,DREDGE,FORTH,C01/196,4,4B,MAINWEE,WEE,2001,5,28,2,22,11,1,56,14.64,2,2.37,56,14.94,2,1.76,56.24,-2.04,56.25,-2.03,56.25,-2.03,42.4,,,559525.31,6233647.79,560146.39,6234218.64,843.58,1687.16,-621.09,-570.86,E,N
JUN01,DREDGE,FORTH,C01/197,3,3A,MAINWEE,WEE,2001,5,28,2,45,10,40,56,14,2,2.86,56,13.63,2,3.22,56.23,-2.05,56.23,-2.05,56.23,-2.05,39.9,,,559038.56,6232464.78,558672.08,6231762.14,792.47,1584.94,366.48,702.63,W,S
JUN01,DREDGE,FORTH,C01/198,3,3B,MAINWEE,WEE,2001,5,28,3,3,10,21,56,13.59,2,3.45,56,13.87,2,2.99,56.23,-2.06,56.23,-2.05,56.23,-2.05,39,,,558433.41,6231680.95,558906.62,6232216.2,714.44,1428.87,-473.21,-535.25,E,N
JUN01,DREDGE,FORTH,C01/199,7,7A,STANDREWS,STANDREWS,2001,5,28,20,16,10,0,56,24.96,2,26.92,56,24.97,2,25.85,56.42,-2.45,56.42,-2.43,56.42,-2.44,30,,,534019.02,6252526.47,535118.1,6252550.26,1099.33,2198.67,-1099.08,-23.8,E,N
JUN01,DREDGE,FORTH,C01/200,7,7B,STANDREWS,STANDREWS,2001,5,28,20,34,10,15,56,24.95,2,25.71,56,24.97,2,26.48,56.42,-2.43,56.42,-2.44,56.42,-2.43,31,,,535262.41,6252508.79,534469.33,6252537.52,793.59,1587.18,793.07,-28.73,W,N
OCT01,DREDGE,FORTH,C01/342,3,3A,MAINWEE,WEE,2001,10,16,20,10,10,12,56,13.99,2,3.32,56,13.68,2,3.03,56.23,-2.06,56.23,-2.05,56.23,-2.05,37,,,558558.56,6232428.49,558869.22,6231855.76,651.55,1303.1,-310.66,572.72,E,S
OCT01,DREDGE,FORTH,C01/343,3,3B,MAINWEE,WEE,2001,10,16,20,27,10,3,56,13.7,2,3,56,14.19,2,3.49,56.23,-2.05,56.24,-2.06,56.23,-2.05,36,,,558900.61,6231902.58,558382.94,6232802.71,1038.37,2076.73,517.67,-900.13,W,N
OCT01,DREDGE,FORTH,C01/344,4,4A,MAINWEE,WEE,2001,10,16,20,50,10,25,56,14.49,2,2.17,56,14.94,2,2.52,56.24,-2.04,56.25,-2.04,56.25,-2.04,39,,,559739.85,6233376.2,559366.72,6234205.88,909.72,1819.44,373.13,-829.68,W,N
OCT01,DREDGE,FORTH,C01/345,4,4B,MAINWEE,WEE,2001,10,16,21,10,10,14,56,14.99,2,2.45,56,14.65,2,2.24,56.25,-2.04,56.24,-2.04,56.25,-2.04,42,,,559435.71,6234295.89,559654.05,6233675.56,657.64,1315.27,-218.34,620.33,E,S
OCT01,DREDGE,FORTH,C01/346,10,10A,SOUTHMARR,MARR,2001,10,17,0,44,10,8,56,21.93,1,43.53,56,21.96,1,42.76,56.37,-1.73,56.37,-1.71,56.37,-1.72,42,,,578731.41,6247489.04,579524.21,6247555.76,795.6,1591.2,-792.8,-66.71,E,N
OCT01,DREDGE,FORTH,C01/347,10,10B,SOUTHMARR,MARR,2001,10,17,1,5,10,5,56,21.92,1,42.75,56,21.97,1,43.55,56.37,-1.71,56.37,-1.73,56.37,-1.72,43,,,579532.73,6247485.4,578712.57,6247561.06,823.65,1647.29,820.17,-75.65,W,N
OCT01,DREDGE,FORTH,C01/348,9,9A,NORTHMARR,MARR,2001,10,17,2,0,10,58,56,27.78,1,44.61,56,27.76,1,43.88,56.46,-1.74,56.46,-1.73,56.46,-1.74,47,,,577422.44,6258310.54,578173.55,6258300.22,751.19,1502.37,-751.11,10.32,E,S
OCT01,DREDGE,FORTH,C01/349,9,9B,NORTHMARR,MARR,2001,10,17,2,20,11,46,56,27.69,1,43.74,56,27.75,1,44.57,56.46,-1.73,56.46,-1.74,56.46,-1.74,48,,,578321.91,6258165.65,577463.3,6258266.76,864.54,1729.09,858.61,-101.11,W,N
OCT01,DREDGE,FORTH,C01/350,8,8A,NTHWEE,WEE,2001,10,17,3,26,10,45,56,24.91,1,58.22,56,24.94,1,58.9,56.42,-1.97,56.42,-1.98,56.42,-1.98,47,,,563528.64,6252765.5,562825.62,6252805.13,704.14,1408.28,703.02,-39.63,W,N
OCT01,DREDGE,FORTH,C01/351,8,8B,NTHWEE,WEE,2001,10,17,3,45,10,42,56,25.01,1,58.95,56,24.93,1,58.16,56.42,-1.98,56.42,-1.97,56.42,-1.98,48,,,562777.46,6252932.44,563589.89,6252796.11,823.79,1647.59,-812.43,136.33,E,S
OCT01,DREDGE,FORTH,C01/352,7,7A,STANDREWS,STANDREWS,2001,10,17,21,45,10,34,56,24.95,2,25.8,56,24.97,2,26.7,56.42,-2.43,56.42,-2.45,56.42,-2.44,28,,,535166.76,6252509.85,534238.93,6252544.93,928.49,1856.99,927.83,-35.08,W,N
OCT01,DREDGE,FORTH,C01/353,7,7B,STANDREWS,STANDREWS,2001,10,17,22,0,10,22,56,24.95,2,26.67,56,24.94,2,26.2,56.42,-2.44,56.42,-2.44,56.42,-2.44,28,,,534272.17,6252504.39,534760.75,6252487.96,488.86,977.73,-488.59,16.43,E,S
MAR02,DREDGE,FORTH,C02/061,1,1A,SOUTHBER,BERWICKS,2002,3,26,20,23,10,41,56,3.86,1,19.81,56,4.23,1,19.47,56.06,-1.33,56.07,-1.32,56.07,-1.33,46,,,603969.54,6214491.35,604305.7,6215184.28,770.16,1540.32,-336.16,-692.92,E,N
MAR02,DREDGE,FORTH,C02/062,1,1B,SOUTHBER,BERWICKS,2002,3,26,20,47,10,46,56,4.15,1,19.26,56,3.91,1,19.62,56.07,-1.32,56.07,-1.33,56.07,-1.32,44,,,604525.77,6215056.01,604158.02,6214596.13,588.83,1177.67,367.74,459.88,W,S
MAR02,DREDGE,FORTH,C02/063,2,2A,NORTHBER,BERWICKS,2002,3,26,21,32,11,0,56,7.09,1,23.25,56,7.43,1,23.36,56.12,-1.39,56.12,-1.39,56.12,-1.39,52,,,600258.06,6220404.57,600127.16,6221038.03,646.84,1293.68,130.9,-633.46,W,N
MAR02,DREDGE,FORTH,C02/064,2,2B,NORTHBER,BERWICKS,2002,3,26,21,57,10,39,56,7.54,1,23.41,56,7.17,1,23.34,56.13,-1.39,56.12,-1.39,56.12,-1.39,53,,,600073.06,6221224.19,600161.3,6220552.63,677.34,1354.68,-88.24,671.57,E,S
MAR02,DREDGE,FORTH,C02/065,3,3A,MAINWEE,WEE,2002,3,28,23,3,10,3,56,13.94,2,3.01,56,13.66,2,3.37,56.23,-2.05,56.23,-2.06,56.23,-2.05,39,,,558882.13,6232343.88,558513.22,6231815.62,644.32,1288.64,368.91,528.26,W,S
MAR02,DREDGE,FORTH,C02/066,3,3B,MAINWEE,WEE,2002,3,28,23,22,10,33,56,13.59,2,3.52,56,13.86,2,3.16,56.23,-2.06,56.23,-2.05,56.23,-2.06,39,,,558358.89,6231689.21,558732.27,6232195.25,628.88,1257.76,-373.38,-506.04,E,N
MAR02,DREDGE,FORTH,C02/067,4,4A,MAINWEE,WEE,2002,3,28,23,41,10,40,56,14.56,2,2.31,56,14.81,2,1.83,56.24,-2.04,56.25,-2.03,56.24,-2.03,43,,,559589.22,6233509.53,560075.54,6233969.04,669.07,1338.13,-486.32,-459.5,E,N
MAR02,DREDGE,FORTH,C02/068,4,4B,MAINWEE,WEE,2002,3,29,0,2,10,18,56,14.85,2,1.62,56,14.56,2,2.06,56.25,-2.03,56.24,-2.03,56.25,-2.03,43,,,560290.23,6234053.7,559844.55,6233498.26,712.14,1424.28,445.68,555.44,W,S
MAR02,DREDGE,FORTH,C02/069,10,10A,SOUTHMARR,MARR,2002,3,29,3,48,10,37,56,21.9,1,43.03,56,21.89,1,43.66,56.36,-1.72,56.36,-1.73,56.36,-1.72,44,,,579253.39,6247443.08,578603.2,6247405.03,651.31,1302.61,650.19,38.05,W,S
MAR02,DREDGE,FORTH,C02/070,10,10B,SOUTHMARR,MARR,2002,3,29,4,8,10,43,56,21.91,1,43.3,56,21.84,1,42.62,56.37,-1.72,56.36,-1.71,56.36,-1.72,44,,,578969.78,6247463.78,579678.51,6247345.26,718.57,1437.15,-708.73,118.52,E,S
MAR02,DREDGE,FORTH,C02/071,7,7A,STANDREWS,STANDREWS,2002,3,29,20,17,10,0,56,25.29,2,26.47,56,25.26,2,25.76,56.42,-2.44,56.42,-2.43,56.42,-2.44,27,,,534468.67,6253125.61,535205.15,6253088.98,737.39,1474.77,-736.48,36.62,E,S
MAR02,DREDGE,FORTH,C02/072,7,7B,STANDREWS,STANDREWS,2002,3,29,20,36,10,19,56,25.12,2,25.53,56,25.02,2,26.15,56.42,-2.43,56.42,-2.44,56.42,-2.43,27,,,535442.83,6252821.96,534801.79,6252625.58,670.45,1340.91,641.05,196.39,W,S
MAR02,DREDGE,FORTH,C02/073,8,8A,NTHWEE,WEE,2002,3,29,23,24,11,7,56,25.05,1,59.48,56,25.04,1,58.77,56.42,-1.99,56.42,-1.98,56.42,-1.99,49,,,562230.35,6253002.3,562955.34,6253003.72,725,1449.99,-725,-1.42,E,N
MAR02,DREDGE,FORTH,C02/074,8,8B,NTHWEE,WEE,2002,3,29,23,45,11,22,56,24.98,1,58.34,56,24.98,1,59,56.42,-1.97,56.42,-1.98,56.42,-1.98,45,,,563406.51,6252886.13,562727.9,6252876.04,678.69,1357.37,678.61,10.09,W,S
MAR02,DREDGE,FORTH,C02/075,9,9A,NORTHMARR,MARR,2002,3,30,22,15,10,31,56,27.97,1,43.09,56,27.86,1,43.73,56.47,-1.72,56.46,-1.73,56.47,-1.72,49,,,578977.76,6258693.68,578321.11,6258486.65,688.51,1377.01,656.64,207.03,W,S
MAR02,DREDGE,FORTH,C02/076,9,9B,NORTHMARR,MARR,2002,3,30,22,34,10,29,56,27.91,1,44.16,56,27.97,1,43.51,56.47,-1.74,56.47,-1.73,56.47,-1.73,47,,,577877.92,6258567.54,578543.2,6258696.73,677.71,1355.42,-665.28,-129.19,E,N
JUN02,DREDGE,FORTH,C02/077,9,9A,NORTHMARR,MARR,2002,6,6,20,0,11,5,56,27.89,1,44.13,56,27.88,1,43.61,56.46,-1.74,56.46,-1.73,56.46,-1.73,52,,,577911.43,6258532.9,578450.8,6258528.01,539.4,1078.79,-539.37,4.89,E,S
JUN02,DREDGE,FORTH,C02/078,9,9B,NORTHMARR,MARR,2002,6,6,20,20,10,40,56,27.87,1,43.7,56,27.84,1,44.43,56.46,-1.73,56.46,-1.74,56.46,-1.73,47,,,578352.57,6258507.64,577610.07,6258442.01,745.39,1490.78,742.5,65.63,W,S
JUN02,DREDGE,FORTH,C02/079,10,10A,SOUTHMARR,MARR,2002,6,6,21,17,11,0,56,21.86,1,41.56,56,21.74,1,40.96,56.36,-1.69,56.36,-1.68,56.36,-1.69,43,,,580768.37,6247389.95,581384.19,6247179.03,650.94,1301.88,-615.82,210.92,E,S
JUN02,DREDGE,FORTH,C02/080,10,10B,SOUTHMARR,MARR,2002,6,6,21,35,10,15,56,21.82,1,41.4,56,21.94,1,42.16,56.36,-1.69,56.37,-1.7,56.36,-1.7,43,,,580930.25,6247326.23,580141.45,6247537.66,816.65,1633.3,788.81,-211.43,W,N
JUN02,DREDGE,FORTH,C02/081,2,2A,NORTHBER,BERWICKS,2002,6,6,23,42,10,0,56,7.66,1,23.43,56,7.13,1,23.43,56.13,-1.39,56.12,-1.39,56.12,-1.39,51,,,600047.15,6221446.28,600068.92,6220468.82,977.7,1955.4,-21.77,977.46,E,S
JUN02,DREDGE,FORTH,C02/082,2,2B,NORTHBER,BERWICKS,2002,6,7,0,3,11,0,56,7.18,1,23.54,56,7.57,1,23.54,56.12,-1.39,56.13,-1.39,56.12,-1.39,52,,,599946.52,6220560.61,599938.91,6221287.87,727.31,1454.61,7.62,-727.27,W,N
JUN02,DREDGE,FORTH,C02/083,1,1A,SOUTHBER,BERWICKS,2002,6,7,0,44,10,30,56,4.06,1,19.53,56,3.56,1,19.7,56.07,-1.33,56.06,-1.33,56.06,-1.33,45.5,,,604250.84,6214878.6,604089.83,6213939.39,952.91,1905.81,161,939.21,W,S
JUN02,DREDGE,FORTH,C02/084,1,1B,SOUTHBER,BERWICKS,2002,6,7,1,0,12,0,56,3.58,1,19.83,56,3.93,1,19.54,56.06,-1.33,56.07,-1.33,56.06,-1.33,46,,,603960.08,6213980.79,604246.35,6214635.38,714.45,1428.91,-286.27,-654.59,E,N
JUN02,DREDGE,FORTH,C02/085,3,3A,MAINWEE,WEE,2002,6,7,20,44,10,56,56,13.76,2,3.24,56,13.43,2,3.72,56.23,-2.05,56.22,-2.06,56.23,-2.06,38,,,558643.97,6232002.94,558160.34,6231393.37,778.12,1556.24,483.62,609.57,W,S
JUN02,DREDGE,FORTH,C02/086,3,3B,MAINWEE,WEE,2002,6,7,21,2,10,26,56,13.46,2,3.66,56,13.76,2,3.37,56.22,-2.06,56.23,-2.06,56.23,-2.06,36,,,558221.72,6231440.59,558515.67,6232014.17,644.52,1289.04,-293.95,-573.58,E,N
JUN02,DREDGE,FORTH,C02/087,4,4A,MAINWEE,WEE,2002,6,7,21,24,10,38,56,14.44,2,2.71,56,14.66,2,2.37,56.24,-2.05,56.24,-2.04,56.24,-2.04,41,,,559176.15,6233273.73,559528.74,6233697.93,551.6,1103.19,-352.59,-424.2,E,N
JUN02,DREDGE,FORTH,C02/088,4,4B,MAINWEE,WEE,2002,6,7,21,42,10,25,56,14.5,2,2.42,56,14.17,2,3,56.24,-2.04,56.24,-2.05,56.24,-2.05,42,,,559476.07,6233400.35,558882.55,6232763.18,870.77,1741.54,593.52,637.16,W,S
JUN02,DREDGE,FORTH,C02/089,8,8A,NTHWEE,WEE,2002,6,7,23,17,10,15,56,24.95,1,58.28,56,24.96,1,59.05,56.42,-1.97,56.42,-1.98,56.42,-1.98,46,,,563462.78,6252836.88,562674.98,6252838.16,787.8,1575.61,787.8,-1.28,W,N
JUN02,DREDGE,FORTH,C02/090,8,8B,NTHWEE,WEE,2002,6,7,23,38,11,16,56,24.97,1,58.97,56,24.99,1,58.2,56.42,-1.98,56.42,-1.97,56.42,-1.98,48,,,562752.66,6252870.84,563541.84,6252914.13,790.37,1580.74,-789.19,-43.29,E,N
JUN02,DREDGE,FORTH,C02/091,7,7A,STANDREWS,STANDREWS,2002,6,8,1,29,10,27,56,24.94,2,25.65,56,24.92,2,26.47,56.42,-2.43,56.42,-2.44,56.42,-2.43,30,,,535321.09,6252500,534481.46,6252437.44,841.96,1683.92,839.63,62.56,W,S
JUN02,DREDGE,FORTH,C02/092,7,7B,STANDREWS,STANDREWS,2002,6,8,1,49,10,8,56,24.95,2,26.39,56,24.94,2,25.83,56.42,-2.44,56.42,-2.43,56.42,-2.44,30,,,534560.08,6252506.72,535140.27,6252479.95,580.81,1161.63,-580.2,26.77,E,S
OCT02,DREDGE,FORTH,C02/198,9,9A,NORTHMARR,MARR,2002,9,25,19,36,11,17,56,27.86,1,43.89,56,27.86,1,42.98,56.46,-1.73,56.46,-1.72,56.46,-1.72,46,,,578159.89,6258483.67,579090.34,6258495.38,930.52,1861.04,-930.45,-11.71,E,N
OCT02,DREDGE,FORTH,C02/199,9,9B,NORTHMARR,MARR,2002,9,25,19,55,11,21,56,27.92,1,42.97,56,27.84,1,43.78,56.47,-1.72,56.46,-1.73,56.46,-1.72,49,,,579105.47,6258619.98,578275.49,6258454.26,846.37,1692.74,829.99,165.72,W,S
OCT02,DREDGE,FORTH,C02/200,10,10A,SOUTHMARR,MARR,2002,9,25,20,52,10,42,56,21.98,1,41.8,56,21.72,1,40.89,56.37,-1.7,56.36,-1.68,56.36,-1.69,41,,,580514.89,6247613.37,581454.77,6247150.69,1047.59,2095.18,-939.88,462.68,E,S
OCT02,DREDGE,FORTH,C02/201,10,10B,SOUTHMARR,MARR,2002,9,25,21,10,10,32,56,21.8,1,40.91,56,21.92,1,41.59,56.36,-1.68,56.37,-1.69,56.36,-1.69,41,,,581437.34,6247308.08,580726.85,6247515.34,740.1,1480.2,710.49,-207.26,W,N
OCT02,DREDGE,FORTH,C02/202,8,8A,NTHWEE,WEE,2002,9,25,22,32,11,33,56,24.96,1,58.31,56,24.99,1,59.26,56.42,-1.97,56.42,-1.99,56.42,-1.98,44,,,563429.71,6252847.52,562449.82,6252903.48,981.49,1962.98,979.89,-55.97,W,N
OCT02,DREDGE,FORTH,C02/203,8,8B,NTHWEE,WEE,2002,9,25,22,52,10,50,56,25.04,1,59.08,56,24.95,1,58.48,56.42,-1.98,56.42,-1.97,56.42,-1.98,45,,,562635.83,6252982.3,563263.31,6252833.9,644.79,1289.58,-627.48,148.4,E,S
OCT02,DREDGE,FORTH,C02/204,7,7A,STANDREWS,STANDREWS,2002,9,26,0,45,10,55,56,24.91,2,25.55,56,24.88,2,26.33,56.42,-2.43,56.41,-2.44,56.41,-2.43,29,,,535425.46,6252439.65,534620.79,6252375.5,807.22,1614.44,804.67,64.15,W,S
OCT02,DREDGE,FORTH,C02/205,7,7B,STANDREWS,STANDREWS,2002,9,26,1,2,10,31,56,24.88,2,26.16,56,24.86,2,25.45,56.41,-2.44,56.41,-2.42,56.41,-2.43,29,,,534796.63,6252376.94,535524.92,6252351.44,728.74,1457.47,-728.29,25.5,E,S
OCT02,DREDGE,FORTH,C02/206,2,2A,NORTHBER,BERWICKS,2002,9,28,1,48,10,18,56,7.72,1,23.3,56,7.3,1,23.25,56.13,-1.39,56.12,-1.39,56.13,-1.39,48,,,600173.69,6221575.42,600245.76,6220797.7,781.05,1562.11,-72.07,777.72,E,S
OCT02,DREDGE,FORTH,C02/207,2,2B,NORTHBER,BERWICKS,2002,9,28,2,7,10,34,56,7.23,1,23.33,56,7.62,1,23.33,56.12,-1.39,56.13,-1.39,56.12,-1.39,51,,,600170.23,6220658.61,600152.17,6221387.49,729.1,1458.2,18.06,-728.88,W,N
OCT02,DREDGE,FORTH,C02/208,1,1A,SOUTHBER,BERWICKS,2002,9,28,2,51,10,45,56,3.7,1,19.84,56,3.99,1,19.56,56.06,-1.33,56.07,-1.33,56.06,-1.33,45,,,603944.41,6214199.39,604223.81,6214751.75,619,1238,-279.39,-552.36,E,N
OCT02,DREDGE,FORTH,C02/209,1,1B,SOUTHBER,BERWICKS,2002,9,28,3,9,10,12,56,3.8,1,19.56,56,3.47,1,19.95,56.06,-1.33,56.06,-1.33,56.06,-1.33,47,,,604227.25,6214395.53,603837.6,6213764.42,741.71,1483.42,389.66,631.11,W,S
OCT02,DREDGE,FORTH,C02/210,4,4A,MAINWEE,WEE,2002,10,1,1,29,11,0,56,14.75,2,2.11,56,14.35,2,2.83,56.25,-2.04,56.24,-2.05,56.24,-2.04,41,,,559790.01,6233851.86,559055.62,6233099.52,1051.35,2102.7,734.39,752.33,W,S
OCT02,DREDGE,FORTH,C02/211,3,3A,MAINWEE,WEE,2002,10,1,1,47,10,27,56,13.98,2,2.93,56,13.7,2,3.26,56.23,-2.05,56.23,-2.05,56.23,-2.02,38,,,558960.63,6232421.03,558635.11,6231895.22,618.42,1236.84,325.52,525.81,W,S
OCT02,DREDGE,FORTH,C02/212,3,3B,MAINWEE,WEE,2002,10,1,2,7,10,33,56,13.76,2,3.32,56,14.08,2,2.86,56.23,-2.06,56.23,-2.05,56.23,-2.05,38,,,558566.5,6232000.03,559029.33,6232609.36,765.18,1530.36,-462.83,-609.34,E,N
OCT02,DREDGE,FORTH,C02/213,4,4B,MAINWEE,WEE,2002,10,1,2,24,10,21,56,14.37,2,2.7,56,14.69,2,2.27,56.24,-2.05,56.24,-2.04,56.24,-2.04,40,,,559190.3,6233147.77,559626.29,6233740.1,735.49,1470.99,-435.99,-592.34,E,N
MAR03,DREDGE,FORTH,C03/001,10,10A,SOUTHMARR,MARR,2003,3,23,1,25,10,44,56,21.94,1,41.98,56,21.87,1,41.56,56.37,-1.7,56.36,-1.69,56.37,-1.7,42,,,580332.15,6247528.27,580763.62,6247423.26,444.06,888.12,-431.46,105.01,E,S
MAR03,DREDGE,FORTH,C03/002,10,10B,SOUTHMARR,MARR,2003,3,23,1,46,11,36,56,21.87,1,41.59,56,21.93,1,42.15,56.36,-1.69,56.37,-1.7,56.36,-1.7,42,,,580731.74,6247420.8,580155.36,6247510.09,583.26,1166.51,576.38,-89.29,W,N
MAR03,DREDGE,FORTH,C03/003,2,2A,NORTHBER,BERWICKS,2003,3,24,1,23,10,50,56,7.84,1,23.36,56,7.57,1,23.38,56.13,-1.39,56.13,-1.39,56.13,-1.39,48,,,600106.3,6221798.39,600097.62,6221282.3,516.17,1032.33,8.68,516.09,W,S
MAR03,DREDGE,FORTH,C03/004,2,2B,NORTHBER,BERWICKS,2003,3,24,1,43,10,31,56,7.4,1,23.28,56,7.82,1,23.4,56.12,-1.39,56.13,-1.39,56.13,-1.39,49,,,600212.68,6220971.36,600068.88,6221758.55,800.21,1600.42,143.79,-787.18,W,N
MAR03,DREDGE,FORTH,C03/005,1,1A,SOUTHBER,BERWICKS,2003,3,24,2,30,10,28,56,4.19,1,19.45,56,3.88,1,19.52,56.07,-1.32,56.06,-1.33,56.07,-1.32,42,,,604321.8,6215119.72,604268.45,6214537.56,584.59,1169.18,53.35,582.15,W,S
MAR03,DREDGE,FORTH,C03/006,1,1B,SOUTHBER,BERWICKS,2003,3,24,2,48,10,46,56,3.76,1,19.59,56,4.11,1,19.54,56.06,-1.33,56.07,-1.33,56.07,-1.33,47,,,604194.68,6214326.07,604233.16,6214965.39,640.47,1280.95,-38.48,-639.32,E,N
MAR03,DREDGE,FORTH,C03/007,3,3A,MAINWEE,WEE,2003,3,26,2,23,10,13,56,13.65,2,3.43,56,13.87,2,3.11,56.23,-2.06,56.23,-2.05,56.23,-2.05,37,,,558458.71,6231796.33,558782.59,6232218.21,531.87,1063.73,-323.88,-421.88,E,N
MAR03,DREDGE,FORTH,C03/008,3,3B,MAINWEE,WEE,2003,3,26,3,21,10,16,56,14.03,2,2.98,56,13.78,2,3.22,56.23,-2.05,56.23,-2.05,56.23,-2.05,39,,,558914.98,6232509.46,558674.48,6232038.62,528.71,1057.41,240.5,470.84,W,S
MAR03,DREDGE,FORTH,C03/009,4,4A,MAINWEE,WEE,2003,3,26,2,42,10,0,56,14.36,2,2.79,56,14.61,2,2.44,56.24,-2.05,56.24,-2.04,56.24,-2.04,41,,,559096.63,6233122.35,559455.9,6233587.45,587.7,1175.4,-359.27,-465.1,E,N
MAR03,DREDGE,FORTH,C03/010,4,4B,MAINWEE,WEE,2003,3,26,3,2,10,11,56,14.59,2,2.3,56,14.36,2,2.65,56.24,-2.04,56.24,-2.04,56.24,-2.04,41,,,559595.67,6233565.28,559247.44,6233124.44,561.78,1123.57,348.23,440.84,W,S
MAR03,DREDGE,FORTH,C03/011,7,7A,STANDREWS,STANDREWS,2003,3,27,4,24,10,16,56,24.94,2,26.57,56,24.97,2,26.04,56.42,-2.44,56.42,-2.43,56.42,-2.44,29,,,534372.6,6252546.01,534921.69,6252550.5,549.1,1098.2,-549.08,-4.48,E,N
MAR03,DREDGE,FORTH,C03/012,7,7B,STANDREWS,STANDREWS,2003,3,27,4,42,10,15,56,24.94,2,26.01,56,24.96,2,26.5,56.42,-2.43,56.42,-2.44,56.42,-2.44,28,,,534952.01,6252489.53,534447.94,6252513.23,504.63,1009.26,504.07,-23.71,W,N
MAR03,DREDGE,FORTH,C03/013,8,8A,NTHWEE,WEE,2003,3,28,4,1,10,40,56,24.98,1,58.26,56,25.03,1,58.98,56.42,-1.97,56.42,-1.98,56.42,-1.98,44,,,563487.65,6252892.91,562747.09,6252969.1,744.47,1488.94,740.56,-76.19,W,N
MAR03,DREDGE,FORTH,C03/014,8,8B,NTHWEE,WEE,2003,3,28,4,20,10,0,56,25.04,1,58.99,56,25.03,1,58.41,56.42,-1.98,56.42,-1.97,56.42,-1.98,46,,,562735.45,6252991.19,563328.84,6252990.73,593.39,1186.79,-593.39,0.46,E,S
MAR03,DREDGE,FORTH,C03/015,9,9A,NORTHMARR,MARR,2003,3,29,1,6,10,10,56,27.78,1,44.68,56,27.8,1,44,56.46,-1.74,56.46,-1.73,56.46,-1.74,53,,,577354.36,6258326,578048.03,6258366.56,694.86,1389.72,-693.67,-40.56,E,N
MAR03,DREDGE,FORTH,C03/016,9,9B,NORTHMARR,MARR,2003,3,29,1,25,10,16,56,27.83,1,43.84,56,27.81,1,44.37,56.46,-1.73,56.46,-1.74,56.46,-1.74,48,,,578211.17,6258432.66,577671.71,6258385.62,541.51,1083.01,539.46,47.04,W,S
JUN03,DREDGE,FORTH,C03/149,7,7A,STANDREWS,STANDREWS,2003,6,19,19,11,10,23,56,24.84,2,25.56,56,24.84,2,26.1,56.41,-2.43,56.41,-2.44,56.41,-2.43,30.3,,,535414.28,6252300.42,534854.76,6252310.63,559.61,1119.23,559.52,-10.21,W,N
JUN03,DREDGE,FORTH,C03/150,7,7B,STANDREWS,STANDREWS,2003,6,19,19,32,10,29,56,24.87,2,26.44,56,24.87,2,25.67,56.41,-2.44,56.41,-2.43,56.41,-2.43,30.7,,,534510.9,6252357.91,535300.6,6252368.12,789.76,1579.52,-789.7,-10.21,E,N
JUN03,DREDGE,FORTH,C03/151,4,4A,MAINWEE,WEE,2003,6,20,21,42,10,49,56,14.59,2,2.42,56,14.27,2,2.62,56.24,-2.04,56.24,-2.04,56.24,-2.04,42,,,559479.03,6233558.09,559275.56,6232959.71,632.03,1264.05,203.48,598.38,W,S
JUN03,DREDGE,FORTH,C03/152,4,4B,MAINWEE,WEE,2003,6,20,22,3,10,57,56,14.37,2,2.62,56,14.72,2,2.34,56.24,-2.04,56.25,-2.04,56.24,-2.04,41,,,559277.12,6233145.26,559554.09,6233805.89,716.34,1432.68,-276.98,-660.63,E,N
JUN03,DREDGE,FORTH,C03/153,3,3A,MAINWEE,WEE,2003,6,20,22,35,10,50,56,13.87,2,3.04,56,13.55,2,3.3,56.23,-2.05,56.23,-2.06,56.23,-2.05,39,,,558848.69,6232220.97,558588.27,6231618.14,656.68,1313.35,260.42,602.83,W,S
JUN03,DREDGE,FORTH,C03/154,3,3B,MAINWEE,WEE,2003,6,20,22,45,10,45,56,13.62,2,3.38,56,13.99,2,2.95,56.23,-2.06,56.23,-2.05,56.23,-2.05,38,,,558503.82,6231746.85,558944.93,6232435.66,817.94,1635.88,-441.1,-688.8,E,N
JUN03,DREDGE,FORTH,C03/155,2,2A,NORTHBER,BERWICKS,2003,6,21,1,19,11,21,56,7.79,1,23.57,56,7.37,1,23.43,56.13,-1.39,56.12,-1.39,56.13,-1.39,49.5,,,599898.37,6221693.33,600058.4,6220919.51,790.19,1580.39,-160.04,773.82,E,S
JUN03,DREDGE,FORTH,C03/156,2,2B,NORTHBER,BERWICKS,2003,6,21,1,38,10,36,56,7.26,1,23.51,56,7.61,1,23.35,56.12,-1.39,56.13,-1.39,56.12,-1.39,51,,,599979.33,6220709.83,600126.66,6221370.19,676.6,1353.2,-147.33,-660.36,E,N
JUN03,DREDGE,FORTH,C03/157,1,1A,SOUTHBER,BERWICKS,2003,6,21,2,20,10,24,56,4.22,1,19.52,56,3.84,1,19.44,56.07,-1.33,56.06,-1.32,56.07,-1.32,42,,,604254.33,6215162.62,604346.04,6214463.36,705.24,1410.49,-91.71,699.26,E,S
JUN03,DREDGE,FORTH,C03/158,1,1B,SOUTHBER,BERWICKS,2003,6,21,2,38,11,45,56,3.76,1,19.76,56,4.13,1,19.63,56.06,-1.33,56.07,-1.33,56.07,-1.33,44,,,604019.63,6214308.84,604141.05,6214996.56,698.35,1396.71,-121.42,-687.72,E,N
JUN03,DREDGE,FORTH,C03/159,10,10A,SOUTHMARR,MARR,2003,6,21,20,23,10,7,56,21.97,1,42.07,56,21.89,1,41.24,56.37,-1.7,56.36,-1.69,56.37,-1.69,42,,,580239.23,6247595.17,581091.58,6247453.63,864.03,1728.05,-852.35,141.55,E,S
JUN03,DREDGE,FORTH,C03/160,10,10B,SOUTHMARR,MARR,2003,6,21,20,42,10,6,56,21.8,1,41.09,56,21.94,1,41.82,56.36,-1.68,56.37,-1.7,56.36,-1.69,43,,,581254.21,6247297.16,580497.87,6247533.26,792.34,1584.67,756.34,-236.11,W,N
JUN03,DREDGE,FORTH,C03/161,9,9A,NORTHMARR,MARR,2003,6,21,21,36,10,41,56,27.7,1,43.06,56,27.81,1,43.79,56.46,-1.72,56.46,-1.73,56.46,-1.72,53,,,579017.59,6258210.12,578261.39,6258383.49,775.83,1551.65,756.21,-173.37,W,N
JUN03,DREDGE,FORTH,C03/162,9,9B,NORTHMARR,MARR,2003,6,21,22,56,10,48,56,27.87,1,44.02,56,27.79,1,43.24,56.46,-1.73,56.46,-1.72,56.46,-1.73,48.3,,,578031.09,6258505.41,578825.74,6258362.41,807.41,1614.82,-794.65,143.01,E,S
JUN03,DREDGE,FORTH,C03/163,8,8A,NTHWEE,WEE,2003,6,21,23,10,10,12,56,25.04,1,58.28,56,25.05,1,59,56.42,-1.97,56.42,-1.98,56.42,-1.98,44,,,563463.48,6252996.45,562720.84,6253005.82,742.7,1485.4,742.64,-9.36,W,N
JUN03,DREDGE,FORTH,C03/164,8,8B,NTHWEE,WEE,2003,6,21,23,29,10,25,56,25.1,1,59.39,56,25.07,1,58.72,56.42,-1.99,56.42,-1.98,56.42,-1.98,47,,,562320.52,6253094.54,563003.87,6253060.11,684.22,1368.43,-683.35,34.44,E,S
OCT03,DREDGE,FORTH,C03/411,9,9A,NORTHMARR,MARR,2003,9,28,20,51,10,26,56,27.86,1,44.48,56,27.88,1,43.6,56.46,-1.74,56.46,-1.73,56.46,-1.73,51,,,577551.95,6258474.35,578455.87,6258531.82,905.74,1811.48,-903.91,-57.47,E,N
OCT03,DREDGE,FORTH,C03/412,9,9B,NORTHMARR,MARR,2003,9,28,21,11,10,27,56,27.8,1,43.38,56,27.78,1,44.18,56.46,-1.72,56.46,-1.74,56.46,-1.73,51,,,578687.68,6258383.96,577863.74,6258333.48,825.49,1650.99,823.95,50.49,W,S
OCT03,DREDGE,FORTH,C03/413,8,8A,NTHWEE,WEE,2003,9,29,1,16,10,28,56,24.92,1,58.15,56,24.88,1,59.02,56.42,-1.97,56.41,-1.98,56.41,-1.98,45,,,563600.51,6252774,562705.85,6252697.6,897.91,1795.82,894.65,76.4,W,S
OCT03,DREDGE,FORTH,C03/414,8,8B,NTHWEE,WEE,2003,9,29,1,34,10,25,56,24.95,1,59.24,56,24.91,1,58.4,56.42,-1.99,56.42,-1.97,56.42,-1.98,48,,,562477.86,6252814.84,563342.59,6252759.01,866.52,1733.05,-864.72,55.83,E,S
OCT03,DREDGE,FORTH,C03/415,10,10A,SOUTHMARR,MARR,2003,9,30,1,48,10,9,56,21.96,1,41.93,56,21.83,1,41.02,56.37,-1.7,56.36,-1.68,56.36,-1.69,42,,,580375.41,6247582.9,581326.14,6247359.76,976.57,1953.14,-950.74,223.14,E,S
OCT03,DREDGE,FORTH,C03/416,10,10B,SOUTHMARR,MARR,2003,9,30,2,9,10,23,56,21.71,1,41.05,56,21.76,1,41.94,56.36,-1.68,56.36,-1.7,56.36,-1.69,44,,,581295.64,6247123.52,580381.43,6247210.05,918.3,1836.6,914.22,-86.53,W,N
OCT03,DREDGE,FORTH,C03/417,4,4A,MAINWEE,WEE,2003,10,1,1,15,10,33,56,14.62,2,2.1,56,14.27,2,2.68,56.24,-2.04,56.24,-2.04,56.24,-2.04,40,,,559801.44,6233625.67,559219.7,6232964.5,880.66,1761.32,581.74,661.17,W,S
OCT03,DREDGE,FORTH,C03/418,4,4B,MAINWEE,WEE,2003,10,1,1,36,10,8,56,14.82,2,3.47,56,14.69,2,2.55,56.25,-2.06,56.24,-2.04,56.25,-2.05,38,,,558382.54,6233965.96,559335.99,6233741.62,979.48,1958.97,-953.45,224.33,E,S
OCT03,DREDGE,FORTH,C03/419,3,3A,MAINWEE,WEE,2003,10,1,2,15,10,16,56,13.49,2,3.78,56,13.92,2,3.4,56.22,-2.06,56.23,-2.06,56.23,-2.06,37,,,558095.92,6231494.54,558477.51,6232310.5,900.78,1801.55,-381.59,-815.96,E,N
OCT03,DREDGE,FORTH,C03/420,3,3B,MAINWEE,WEE,2003,10,1,2,33,10,19,56,13.87,2,3.34,56,13.4,2,3.75,56.23,-2.06,56.22,-2.06,56.23,-2.06,38,,,558539.76,6232216.73,558126.95,6231340.97,968.18,1936.35,412.81,875.76,W,S
OCT03,DREDGE,FORTH,C03/421,2,2A,NORTHBER,BERWICKS,2003,10,1,19,39,10,7,56,7.02,1,23.63,56,7.56,1,23.52,56.12,-1.39,56.13,-1.39,56.12,-1.39,52,,,599862.04,6220271,599953.88,6221267.81,1001.03,2002.06,-91.85,-996.81,E,N
OCT03,DREDGE,FORTH,C03/422,2,2B,NORTHBER,BERWICKS,2003,10,1,20,0,10,40,56,7.66,1,23.37,56,7.18,1,23.37,56.13,-1.39,56.12,-1.39,56.12,-1.39,50,,,600105.12,6221449.49,600125.6,6220572.21,877.52,1755.04,-20.48,877.28,E,S
OCT03,DREDGE,FORTH,C03/423,1,1A,SOUTHBER,BERWICKS,2003,10,2,2,1,10,19,56,4.19,1,19.42,56,3.76,1,19.8,56.07,-1.32,56.06,-1.33,56.07,-1.33,41,,,604359.01,6215126.18,603979.98,6214317.16,893.41,1786.82,379.03,809.02,W,S
OCT03,DREDGE,FORTH,C03/424,1,1B,SOUTHBER,BERWICKS,2003,10,2,2,19,10,4,56,3.5,1,19.98,56,4.04,1,19.88,56.06,-1.33,56.07,-1.33,56.06,-1.33,47,,,603809.95,6213834.27,603881.58,6214823.26,991.58,1983.17,-71.62,-988.99,E,N
OCT03,DREDGE,FORTH,C03/425,7,7A,STANDREWS,STANDREWS,2003,10,4,18,57,10,14,56,25.13,2,26.28,56,24.74,2,25.74,56.42,-2.44,56.41,-2.43,56.42,-2.43,29,,,534668.45,6252835.97,535226.57,6252118.91,908.67,1817.34,-558.12,717.07,E,S
OCT03,DREDGE,FORTH,C03/426,7,7B,STANDREWS,STANDREWS,2003,10,4,19,14,10,17,56,24.79,2,25.94,56,25.27,2,26.11,56.41,-2.43,56.42,-2.44,56.42,-2.43,29,,,535026.36,6252202.59,534847.23,6253102.73,917.79,1835.58,179.14,-900.14,W,N
NOV10,DREDGE,FORTH,A10/277,3,3A,MAINWEE,WEE,2010,11,25,18,10,12,,56,13.36,2,3.8,56,13.69,2,3.09,56.22,-2.06,56.23,-2.05,56.23,-2.06,42,18.17,0.2,,,,,,1065.6,,,,
NOV10,DREDGE,FORTH,A10/278,4,4A,MAINWEE,WEE,2010,11,25,18,36,12,,56,14.45,2,2.64,56,14.85,2,1.98,56.24,-2.04,56.25,-2.03,56.24,-2.04,42,18.6,0.2,,,,,,1143.92,,,,
NOV10,DREDGE,FORTH,A10/279,5,5A,MAINWEE,WEE,2010,11,25,18,59,14,,56,15.17,2,1.47,56,15.66,2,0.71,56.25,-2.02,56.26,-2.01,56.26,-2.02,40,18.98,0.23,,,,,,1352.52,,,,
NOV10,DREDGE,FORTH,A10/280,5,5B,MAINWEE,WEE,2010,11,25,19,48,12,,56,15.42,2,1.16,56,14.94,2,1.65,56.26,-2.02,56.25,-2.03,56.25,-2.02,40,19.8,0.2,,,,,,1136.98,,,,
NOV10,DREDGE,FORTH,A10/281,4,4B,MAINWEE,WEE,2010,11,25,20,13,13,,56,14.72,2,2.18,56,14.36,2,2.96,56.25,-2.04,56.24,-2.05,56.24,-2.04,39,20.22,0.22,,,,,,1159.27,,,,
NOV10,DREDGE,FORTH,A10/282,3,3B,MAINWEE,WEE,2010,11,25,20,38,13,,56,13.83,2,3.41,56,13.25,2,3.66,56.23,-2.06,56.22,-2.06,56.23,-2.06,35,20.63,0.22,,,,,,1239.01,,,,
NOV10,DREDGE,FORTH,A10/283,8,8A,NTHWEE,WEE,2010,11,26,18,13,11,,56,24.86,1,59.57,56,24.95,1,58.53,56.41,-1.99,56.42,-1.98,56.42,-1.98,50,18.22,0.18,,,,,,1197.81,,,,
NOV10,DREDGE,FORTH,A10/284,8,8B,NTHWEE,WEE,2010,11,26,18,34,10,,56,24.99,1,58.59,56,24.95,1,59.57,56.42,-1.98,56.42,-1.99,56.42,-1.98,50,18.57,0.17,,,,,,1124.83,,,,
NOV10,DREDGE,FORTH,A10/285,9,9A,NORTHMARR,MARR,2010,11,26,20,15,12,,56,27.84,1,44.75,56,27.88,1,43.69,56.46,-1.75,56.46,-1.73,56.46,-1.74,47,20.25,0.2,,,,,,1218.45,,,,
NOV10,DREDGE,FORTH,A10/286,9,9B,NORTHMARR,MARR,2010,11,26,20,38,8,,56,27.82,1,43.94,56,27.92,1,44.85,56.46,-1.73,56.47,-1.75,56.46,-1.74,44,20.63,0.13,,,,,,1062.57,,,,
MAR11,DREDGE,FORTH,A11/070,5,5A,MAINWEE,WEE,2011,3,16,23,27,11,,56,15.53,2,1.06,56,14.99,2,1.5,56.26,-2.02,56.25,-2.02,56.25,-2.02,48,23.45,0.18,,,,,,1234.44,,,,
MAR11,DREDGE,FORTH,A11/071,5,5B,MAINWEE,WEE,2011,3,16,23,48,11,,56,14.89,2,1.62,56,14.45,2,1.05,56.25,-2.03,56.24,-2.02,56.24,-2.02,49,23.8,0.18,,,,,,1119.77,,,,
MAR11,DREDGE,FORTH,A11/072,4,4A,MAINWEE,WEE,2011,3,17,0,19,12,,56,14.77,2,1.99,56,14.32,2,2.85,56.25,-2.03,56.24,-2.05,56.24,-2.04,47,0.32,0.2,,,,,,1373.67,,,,
MAR11,DREDGE,FORTH,A11/073,4,4B,MAINWEE,WEE,2011,3,17,0,39,13,,56,14.34,2,2.82,56,14.85,2,2,56.24,-2.05,56.25,-2.03,56.24,-2.04,47,0.65,0.22,,,,,,1426.21,,,,
MAR11,DREDGE,FORTH,A11/074,3,3A,MAINWEE,WEE,2011,3,17,1,6,11,,56,14.12,2,2.76,56,13.65,2,3.46,56.24,-2.05,56.23,-2.06,56.23,-2.05,44,1.1,0.18,,,,,,1259.75,,,,
MAR11,DREDGE,FORTH,A11/075,3,3B,MAINWEE,WEE,2011,3,17,1,25,11,,56,13.62,2,3.31,56,14.09,2,2.77,56.23,-2.06,56.23,-2.05,56.23,-2.05,44,1.42,0.18,,,,,,1152.85,,,,
MAR11,DREDGE,FORTH,A11/076,8,8A,NTHWEE,WEE,2011,3,18,2,41,12,,56,24.95,1,59.33,56,25.05,1,58.19,56.42,-1.99,56.42,-1.97,56.42,-1.98,54,2.68,0.2,,,,,,1328.62,,,,
MAR11,DREDGE,FORTH,A11/077,8,8B,NTHWEE,WEE,2011,3,18,3,0,11,,56,25.01,1,58.04,56,25.01,1,59.08,56.42,-1.97,56.42,-1.98,56.42,-1.98,50,3,0.18,,,,,,1182.43,,,,
MAR04,DREDGE,FORTH,C04/096,9,9A,NORTHMARR,MARR,2004,3,21,19,55,10,28,56,27.93,1,44.65,56,27.9,1,43.88,56.47,-1.74,56.47,-1.73,56.47,-1.74,52,19.92,0.17,,,,,,,,,,
MAR04,DREDGE,FORTH,C04/097,9,9B,NORTHMARR,MARR,2004,3,21,20,15,10,29,56,27.98,1,43.67,56,27.96,1,44.47,56.47,-1.73,56.47,-1.74,56.47,-1.73,46,20.25,0.17,,,,,,,,,,
MAR04,DREDGE,FORTH,C04/098,10,10A,SOUTHMARR,MARR,2004,3,22,0,26,10,50,56,21.7,1,40.64,56,21.72,1,41.34,56.36,-1.68,56.36,-1.69,56.36,-1.68,45,0.43,0.18,,,,,,,,,,
MAR04,DREDGE,FORTH,C04/099,10,10B,SOUTHMARR,MARR,2004,3,22,0,45,10,17,56,21.73,1,41.27,56,21.78,1,41.93,56.36,-1.69,56.36,-1.7,56.36,-1.69,44,0.75,0.17,,,,,,,,,,
MAR04,DREDGE,FORTH,C04/100,1,1A,SOUTHBER,BERWICKS,2004,3,22,19,56,10,39,56,3.54,1,20,56,3.94,1,19.54,56.06,-1.33,56.07,-1.33,56.06,-1.33,47,19.93,0.18,,,,,,,,,,
MAR04,DREDGE,FORTH,C04/101,1,1B,SOUTHBER,BERWICKS,2004,3,22,20,14,10,52,56,4.05,1,19.52,56,3.66,1,19.93,56.07,-1.33,56.06,-1.33,56.06,-1.33,47,20.23,0.18,,,,,,,,,,
MAR04,DREDGE,FORTH,C04/102,2,2A,NORTHBER,BERWICKS,2004,3,22,23,30,9,57,56,7.25,1,23.38,56,7.71,1,23.39,56.12,-1.39,56.13,-1.39,56.12,-1.39,51,23.5,0.17,,,,,,,,,,
MAR04,DREDGE,FORTH,C04/103,2,2B,NORTHBER,BERWICKS,2004,3,22,23,50,10,15,56,7.6,1,23.45,56,7.23,1,23.46,56.13,-1.39,56.12,-1.39,56.12,-1.39,49,23.83,0.17,,,,,,,,,,
MAR04,DREDGE,FORTH,C04/104,3,3A,MAINWEE,WEE,2004,3,23,19,58,10,9,56,13.58,2,3.68,56,13.96,2,3.35,56.23,-2.06,56.23,-2.06,56.23,-2.06,38,19.97,0.17,,,,,,,,,,
MAR04,DREDGE,FORTH,C04/105,3,3B,MAINWEE,WEE,2004,3,23,20,17,10,20,56,14.17,2,3.06,56,13.77,2,3.36,56.24,-2.05,56.23,-2.06,56.23,-2.05,38,20.28,0.17,,,,,,,,,,
MAR04,DREDGE,FORTH,C04/106,4,4A,MAINWEE,WEE,2004,3,23,23,15,10,22,56,14.39,2,2.62,56,14.65,2,2.16,56.24,-2.04,56.24,-2.04,56.24,-2.04,38,23.25,0.17,,,,,,,,,,
MAR04,DREDGE,FORTH,C04/107,4,4B,MAINWEE,WEE,2004,3,23,23,35,10,18,56,14.6,2,2.32,56,14.28,2,2.87,56.24,-2.04,56.24,-2.05,56.24,-2.04,40,23.58,0.17,,,,,,,,,,
MAR04,DREDGE,FORTH,C04/108,5,5A,MAINWEE,WEE,2004,3,24,21,55,10,8,56,15.3,2,1.52,56,15.61,2,1.03,56.26,-2.03,56.26,-2.02,56.26,-2.02,40,21.92,0.17,,,,,,,,,,
MAR04,DREDGE,FORTH,C04/109,5,5B,MAINWEE,WEE,2004,3,24,22,13,10,22,56,15.63,2,0.96,56,15.38,2,1.37,56.26,-2.02,56.26,-2.02,56.26,-2.02,40,22.22,0.17,,,,,,,,,,
MAR04,DREDGE,FORTH,C04/110,14,14A,WEE BANKIE,WEE,2004,3,26,1,19,10,24,56,20.18,1,49.73,56,19.77,1,49.72,56.34,-1.83,56.33,-1.83,56.33,-1.83,49,1.32,0.17,,,,,,,,,,
MAR04,DREDGE,FORTH,C04/111,14,14B,WEE BANKIE,WEE,2004,3,26,1,37,9,54,56,19.8,1,49.81,56,20.13,1,49.78,56.33,-1.83,56.34,-1.83,56.33,-1.83,51,1.62,0.16,,,,,,,,,,
MAR04,DREDGE,FORTH,C04/112,8,8A,NTHWEE,WEE,2004,3,26,19,55,10,1,56,24.99,1,59.61,56,24.95,1,58.7,56.42,-1.99,56.42,-1.98,56.42,-1.99,49,19.92,0.17,,,,,,,,,,
MAR04,DREDGE,FORTH,C04/113,8,8B,NTHWEE,WEE,2004,3,26,20,14,10,14,56,24.99,1,58.5,56,24.93,1,59.31,56.42,-1.98,56.42,-1.99,56.42,-1.98,46,20.23,0.17,,,,,,,,,,
MAR04,DREDGE,FORTH,C04/114,15,15B,NTHWEE,WEE,2004,3,27,1,10,10,49,56,22.15,1,51.76,56,22.42,1,51.32,56.37,-1.86,56.37,-1.86,56.37,-1.86,45,1.17,0.18,,,,,,,,,,
MAR04,DREDGE,FORTH,C04/115,15,15A,NTHWEE,WEE,2004,3,27,0,50,10,30,56,22.32,1,51.31,56,22.1,1,51.72,56.37,-1.86,56.37,-1.86,56.37,-1.86,44,0.83,0.18,,,,,,,,,,
MAR04,DREDGE,FORTH,C04/116,7,7A,STANDREWS,STANDREWS,2004,3,27,19,18,10,2,56,24.88,2,26.76,56,24.89,2,25.95,56.41,-2.45,56.41,-2.43,56.41,-2.44,31,19.3,0.17,,,,,,,,,,
MAR04,DREDGE,FORTH,C04/117,7,7B,STANDREWS,STANDREWS,2004,3,27,19,34,10,12,56,24.82,2,25.83,56,24.84,2,26.64,56.41,-2.43,56.41,-2.44,56.41,-2.44,29,19.57,0.17,,,,,,,,,,
SEP04,DREDGE,FORTH,C04/345,10,10A,SOUTHMARR,MARR,2004,9,29,2,37,9,28,56,21.96,1,41.99,56,21.91,1,41.29,56.37,-1.7,56.37,-1.69,56.37,-1.69,40.5,2.62,0.16,,,,,,,,,,
SEP04,DREDGE,FORTH,C04/346,10,10B,SOUTHMARR,MARR,2004,9,29,21,12,10,0,56,21.86,1,41.22,56,22.1,1,41.83,56.36,-1.69,56.37,-1.7,56.37,-1.69,39.3,21.2,0.17,,,,,,,,,,
SEP04,DREDGE,FORTH,C04/347,9,9A,NORTHMARR,MARR,2004,9,29,22,5,10,20,56,27.76,1,43.44,56,27.93,1,44.16,56.46,-1.72,56.47,-1.74,56.46,-1.73,44.8,22.08,0.17,,,,,,,,,,
SEP04,DREDGE,FORTH,C04/348,9,9B,NORTHMARR,MARR,2004,9,29,22,28,11,6,56,27.82,1,44.12,56,27.81,1,43.26,56.46,-1.74,56.46,-1.72,56.46,-1.73,45.1,22.47,0.18,,,,,,,,,,
SEP04,DREDGE,FORTH,C04/349,1,1A,SOUTHBER,BERWICKS,2004,9,30,20,37,10,33,56,3.54,1,19.83,56,4.12,1,19.54,56.06,-1.33,56.07,-1.33,56.06,-1.33,47,20.62,0.18,,,,,,,,,,
SEP04,DREDGE,FORTH,C04/350,1,1B,SOUTHBER,BERWICKS,2004,9,30,20,56,10,9,56,4.2,1,19.43,56,3.05,1,19.69,56.07,-1.32,56.05,-1.33,56.06,-1.33,41.8,20.93,0.17,,,,,,,,,,
SEP04,DREDGE,FORTH,C04/351,2,2A,NORTHBER,BERWICKS,2004,9,30,23,19,11,17,56,7.1,1,23.37,56,7.65,1,23.54,56.12,-1.39,56.13,-1.39,56.12,-1.39,49.9,23.32,0.19,,,,,,,,,,
SEP04,DREDGE,FORTH,C04/352,2,2B,NORTHBER,BERWICKS,2004,9,30,23,38,10,7,56,7.77,1,23.47,56,7.37,1,23.38,56.13,-1.39,56.12,-1.39,56.13,-1.39,48.1,23.63,0.17,,,,,,,,,,
SEP04,DREDGE,FORTH,C04/353,3,3A,MAINWEE,WEE,2004,10,1,20,12,10,31,56,13.9,2,3.59,56,14.02,2,3.28,56.23,-2.06,56.23,-2.05,56.23,-2.06,39.5,20.2,0.18,,,,,,,,,,
SEP04,DREDGE,FORTH,C04/354,3,3B,MAINWEE,WEE,2004,10,1,20,30,10,49,56,14.12,2,3.18,56,13.77,2,3.42,56.24,-2.05,56.23,-2.06,56.23,-2.05,38.5,20.5,0.18,,,,,,,,,,
SEP04,DREDGE,FORTH,C04/355,4,4A,MAINWEE,WEE,2004,10,1,22,58,10,49,56,14.51,2,2.57,56,14.87,2,2.04,56.24,-2.04,56.25,-2.03,56.24,-2.04,39.4,22.97,0.18,,,,,,,,,,
SEP04,DREDGE,FORTH,C04/356,4,4B,MAINWEE,WEE,2004,10,1,23,16,10,38,56,14.9,2,1.96,56,14.6,2,2.19,56.25,-2.03,56.24,-2.04,56.25,-2.03,41,23.27,0.18,,,,,,,,,,
SEP04,DREDGE,FORTH,C04/357,7,7A,STANDREWS,STANDREWS,2004,10,2,19,19,10,28,56,24.96,2,25.6,56,24.98,2,26.29,56.42,-2.43,56.42,-2.44,56.42,-2.43,30,19.32,0.17,,,,,,,,,,
SEP04,DREDGE,FORTH,C04/358,7,7B,STANDREWS,STANDREWS,2004,10,2,19,36,10,16,56,24.93,2,26.28,56,25,2,25.29,56.42,-2.44,56.42,-2.42,56.42,-2.43,29.5,19.6,0.17,,,,,,,,,,
SEP04,DREDGE,FORTH,C04/359,8,8A,NTHWEE,WEE,2004,10,2,23,23,10,36,56,25.46,1,59.14,56,25.07,1,58.21,56.42,-1.99,56.42,-1.97,56.42,-1.98,45.5,23.38,0.18,,,,,,,,,,
SEP04,DREDGE,FORTH,C04/360,8,8B,NTHWEE,WEE,2004,10,2,23,44,10,34,56,25.04,1,58.12,56,25.04,1,58.8,56.42,-1.97,56.42,-1.98,56.42,-1.97,42.9,23.73,0.18,,,,,,,,,,
NOV11,DREDGE,FORTH,A11/357,3,,,,2011,11,27,23,22,10,0,56,13.54,2,3.64,56,13.93,2,3.37,56.23,-2.06,56.23,-2.06,56.23,-2.06,42,23.37,0.17,,,,,,867.25,,,,
NOV11,DREDGE,FORTH,A11/358,3,,,,2011,11,27,23,44,10,0,56,14.01,2,3.23,56,13.6,2,3.44,56.23,-2.05,56.23,-2.06,56.23,-2.06,42,23.73,0.17,,,,,,884.72,,,,
NOV11,DREDGE,FORTH,A11/359,4,,,,2011,11,28,0,24,10,0,56,14.32,2,2.67,56,14.66,2,2.45,56.24,-2.04,56.24,-2.04,56.24,-2.04,46,0.4,0.17,,,,,,749.84,,,,
NOV11,DREDGE,FORTH,A11/360,4,,,,2011,11,28,0,43,10,0,56,14.73,2,2.27,56,14.35,2,2.45,56.25,-2.04,56.24,-2.04,56.24,-2.04,47,0.72,0.17,,,,,,815.5,,,,
NOV11,DREDGE,FORTH,A11/361,5,,,,2011,11,28,1,23,10,0,56,15.03,2,1.41,56,15.4,2,1.21,56.25,-2.02,56.26,-2.02,56.25,-2.02,48,1.38,0.17,,,,,,801.75,,,,
NOV11,DREDGE,FORTH,A11/363,5,,,,2011,11,28,2,12,10,0,56,15.46,2,1.2,56,15.03,2,1.53,56.26,-2.02,56.25,-2.03,56.25,-2.02,47,2.2,0.17,,,,,,970.13,,,,
NOV11,DREDGE,FORTH,A11/364,,,,,2011,11,29,19,47,10,0,56,25.12,2,25.9,56,24.84,2,26.56,56.42,-2.43,56.41,-2.44,56.42,-2.44,35,19.78,0.17,,,,,,958.2,,,,
NOV11,DREDGE,FORTH,A11/365,,,,,2011,11,29,20,6,10,0,56,24.84,2,26.61,56,24.97,2,25.85,56.41,-2.44,56.42,-2.43,56.42,-2.44,35,20.1,0.17,,,,,,913.24,,,,
MAR12,DREDGE,FORTH,A12/066,3,,,,2012,3,16,21,59,12,0,56,13.61,2,3.45,56,14.16,2,3.13,56.23,-2.06,56.24,-2.05,56.23,-2.05,45,21.98,0.2,,,,,,1199.64,,,,
MAR12,DREDGE,FORTH,A12/067,3,,,,2012,3,16,22,22,10,30,56,14.06,2,3.14,56,13.56,2,3.21,56.23,-2.05,56.23,-2.05,56.23,-2.05,46,22.37,0.18,,,,,,1040.82,,,,
MAR12,DREDGE,FORTH,A12/068,4,,,,2012,3,16,23,0,10,36,56,14.2,2,2.4,56,14.71,2,2.25,56.24,-2.04,56.25,-2.04,56.24,-2.04,41,23,0.18,,,,,,1072.47,,,,
MAR12,DREDGE,FORTH,A12/069,4,,,,2012,3,16,23,21,11,0,56,14.77,2,2.28,56,14.22,2,2.34,56.25,-2.04,56.24,-2.04,56.24,-2.04,49,23.35,0.18,,,,,,1143.54,,,,
MAR12,DREDGE,FORTH,A12/070,5,,,,2012,3,16,23,58,10,30,56,15.03,2,1.18,56,15.61,2,0.99,56.25,-2.02,56.26,-2.02,56.26,-2.02,48,23.97,0.18,,,,,,1223.47,,,,
MAR12,DREDGE,FORTH,A12/071,5,,,,2012,3,17,0,18,10,30,56,15.6,2,1.09,56,15.13,2,1.19,56.26,-2.02,56.25,-2.02,56.26,-2.02,49,0.3,0.18,,,,,,982.21,,,,
MAR12,DREDGE,FORTH,A12/072,10,,,,2012,3,17,18,37,11,0,56,21.96,1,40.63,56,21.91,1,41.42,56.37,-1.68,56.37,-1.69,56.37,-1.68,48,18.62,0.18,,,,,,914.04,,,,
MAR12,DREDGE,FORTH,A12/073,10,,,,2012,3,17,18,59,11,0,56,21.82,1,41.34,56,21.84,1,40.24,56.36,-1.69,56.36,-1.67,56.36,-1.68,48,18.98,0.18,,,,,,1265.21,,,,
