HAUL,CRUISE,STUDYAREA,GEARTYPE,DEMSTN,STATSQ,DAY,MONTH,YEAR,HOUR,MIN,DURATION,DEPTH,SLATDEG,SLATMIN,SLONGDEG,SLONGMIN,HLATDEG,HLATMIN,HLONGDEG,HLONGMIN,AREASWPT,VOLSWPT,HOURDEC,DURDEC,SLATDEC,SLONGDEC,HLATDEC,HLONGDEC,MLATDEC,MLONGDEC
C00/056,JUN00,FORTH,Pelagic,,41E7,15,6,2000,6,15,19,50,56,17.54,2,7.69,56,17.48,2,8.64,,,6.25,0.32,56.29,-2.13,56.29,-2.14,56.29,-2.14
C00/057,JUN00,FORTH,Pelagic,,41E8,15,6,2000,8,55,20,50,56,17.59,1,46.45,56,17.59,1,48.07,,,8.92,0.33,56.29,-1.77,56.29,-1.8,56.29,-1.79
C00/058,JUN00,FORTH,Pelagic,,41E8,16,6,2000,8,30,30,60,56,7.62,1,30.26,56,7.56,1,32.67,,,8.5,0.5,56.13,-1.5,56.13,-1.54,56.13,-1.52
C00/059,JUN00,FORTH,Pelagic,,41E8,16,6,2000,10,35,20,45,56,7.45,1,20.45,56,7.48,1,22.07,,,10.58,0.33,56.12,-1.34,56.12,-1.37,56.12,-1.35
C00/060,JUN00,FORTH,Pelagic,,41E7,18,6,2000,9,20,30,45,56,14.3,2,5.07,56,14.16,2,3.1,,,9.33,0.5,56.24,-2.08,56.24,-2.05,56.24,-2.07
C00/061,JUN00,FORTH,Pelagic,,41E8,19,6,2000,7,20,30,40,56,22.45,1,54.75,56,22.48,1,56.98,,,7.33,0.5,56.37,-1.91,56.37,-1.95,56.37,-1.93
C00/062,JUN00,FORTH,Demersal,C,41E8,20,6,2000,6,15,30,49,56,27.31,1,49.79,56,27.34,1,47.14,32178.46,96535.39,6.25,0.5,56.46,-1.83,56.46,-1.79,56.46,-1.81
C00/063,JUN00,FORTH,Demersal,G,41E8,20,6,2000,9,45,30,49.86,56,17.02,1,31.7,56,15.86,1,32.83,31276.69,93830.06,9.75,0.5,56.28,-1.53,56.26,-1.55,56.27,-1.54
C00/064,JUN00,FORTH,Demersal,T,41E8,20,6,2000,13,15,30,58.43,56,2.03,1,21.06,56,2.62,1,23.68,35520.76,106562.28,13.25,0.5,56.03,-1.35,56.04,-1.39,56.04,-1.37
C00/065,JUN00,FORTH,Demersal,R,41E7,21,6,2000,5,0,30,64,56,2.37,2,2.74,56,2.49,2,0.4,28201.89,93059.6,5,0.5,56.04,-2.05,56.04,-2.01,56.04,-2.03
C00/066,JUN00,FORTH,Demersal,S,41E8,21,6,2000,7,10,30,63.29,56,2.2,1,41.5,56,2.44,1,39.07,29874.63,96676.88,7.17,0.5,56.04,-1.69,56.04,-1.65,56.04,-1.67
C00/067,JUN00,FORTH,Demersal,P,41E8,21,6,2000,9,25,30,64,56,7.62,1,29.24,56,7.13,1,31.35,30073.71,93842.65,9.42,0.5,56.13,-1.49,56.12,-1.52,56.12,-1.5
C00/068,JUN00,FORTH,Demersal,K,41E8,21,6,2000,12,35,30,51.71,56,13.13,1,38.62,56,12.1,1,40.29,29232.22,89443.54,12.58,0.5,56.22,-1.64,56.2,-1.67,56.21,-1.66
C00/069,JUN00,FORTH,Demersal,Q,41E7,22,6,2000,4,45,30,54.29,56,2.53,2,21.68,56,2.57,2,19.14,32137.99,94754.25,4.75,0.5,56.04,-2.36,56.04,-2.32,56.04,-2.34
C00/070,JUN00,FORTH,Demersal,N,41E7,22,6,2000,6,55,30,61.86,56,7.06,2,10.74,56,8.09,2,9.15,31129.52,92971.03,6.92,0.5,56.12,-2.18,56.13,-2.15,56.13,-2.17
C00/071,JUN00,FORTH,Demersal,O,41E8,22,6,2000,9,5,30,49.29,56,6.82,1,51.8,56,8.17,1,50.81,31788.64,100684.81,9.08,0.5,56.11,-1.86,56.14,-1.85,56.12,-1.86
C00/072,JUN00,FORTH,Demersal,J,41E8,22,6,2000,11,0,30,44,56,12.4,1,56.43,56,12.39,1,58.98,34836.43,108063.72,11,0.5,56.21,-1.94,56.21,-1.98,56.21,-1.96
C00/073,JUN00,FORTH,Demersal,M,41E7,22,6,2000,14,10,30,44.57,56,7.36,2,30.15,56,7.65,2,32.72,33558.92,102335.49,14.17,0.5,56.12,-2.5,56.13,-2.55,56.13,-2.52
C00/074,JUN00,FORTH,Demersal,I,41E7,23,6,2000,5,30,30,57.43,56,11.37,2,21.5,56,12.25,2,19.98,31223.56,94645.59,5.5,0.5,56.19,-2.36,56.2,-2.33,56.2,-2.35
C00/075,JUN00,FORTH,Demersal,H,41E7,23,6,2000,9,20,30,54.57,56,17.31,2,12.04,56,17.69,2,9.34,37089.26,254776.58,9.33,0.5,56.29,-2.2,56.29,-2.16,56.29,-2.18
C00/076,JUN00,FORTH,Demersal,B,41E7,23,6,2000,11,45,30,48.71,56,27.89,2,6.55,56,27.64,2,8.9,30878.46,92747.46,11.75,0.5,56.46,-2.11,56.46,-2.15,56.46,-2.13
C00/077,JUN00,FORTH,Demersal,A,41E7,23,6,2000,14,5,30,30,56,27.54,2,28.23,56,27.45,2,30.58,39358.16,150445.45,14.08,0.5,56.46,-2.47,56.46,-2.51,56.46,-2.49
C00/078,JUN00,FORTH,Demersal,D,41E7,24,6,2000,4,55,30,46.43,56,21.09,2,24.03,56,21.82,2,22.42,26493.56,86006.52,4.92,0.5,56.35,-2.4,56.36,-2.37,56.36,-2.39
C00/079,JUN00,FORTH,Demersal,E,41E8,24,6,2000,7,15,30,55.14,56,22.42,2,0.89,56,22.45,1,58.82,25179.65,84699.31,7.25,0.5,56.37,-2.01,56.37,-1.98,56.37,-2
C00/080,JUN00,FORTH,Demersal,F,41E8,24,6,2000,9,25,30,57.29,56,17.65,1,50.07,56,17.67,1,47.65,30912.07,105105.95,9.42,0.5,56.29,-1.83,56.29,-1.79,56.29,-1.81
C01/201,JUN01,FORTH,Demersal,C,41E8,30,5,2001,6,0,30,49.27,56,27.31,1,49.68,56,27.31,1,47.51,24716.88,74150.63,6,0.5,56.46,-1.83,56.46,-1.79,56.46,-1.81
C01/202,JUN01,FORTH,Demersal,G,41E8,30,5,2001,8,50,30,53.46,56,16.97,1,31.6,56,15.77,1,32.88,31459.95,94379.85,8.83,0.5,56.28,-1.53,56.26,-1.55,56.27,-1.54
C01/203,JUN01,FORTH,Demersal,T,41E8,30,5,2001,11,55,30,57.3,56,1.76,1,20.25,56,2.37,1,22.66,29892.03,89676.09,11.92,0.5,56.03,-1.34,56.04,-1.38,56.03,-1.36
C01/204,JUN01,FORTH,Demersal,S,41E8,31,5,2001,5,0,30,62.51,56,2.26,1,41.37,56,2.38,1,39.35,26255.96,78767.87,5,0.5,56.04,-1.69,56.04,-1.66,56.04,-1.67
C01/205,JUN01,FORTH,Demersal,P,41E8,31,5,2001,6,50,30,65.79,56,7.21,1,31.49,56,7.39,1,29.28,28475.94,85427.82,6.83,0.5,56.12,-1.52,56.12,-1.49,56.12,-1.51
C01/206,JUN01,FORTH,Demersal,K,41E8,31,5,2001,9,15,30,55.16,56,12.05,1,40.01,56,12.97,1,38.44,27412.2,82236.6,9.25,0.5,56.2,-1.67,56.22,-1.64,56.21,-1.65
C01/207,JUN01,FORTH,Demersal,F,41E8,31,5,2001,11,15,30,57.2,56,17.66,1,48.81,56,17.71,1,49.27,29308.51,87925.53,11.25,0.5,56.29,-1.81,56.3,-1.82,56.29,-1.82
C01/208,JUN01,FORTH,Demersal,O,41E8,31,5,2001,13,15,30,49.89,56,8.6,1,50.97,56,7.46,1,51.2,26098.51,78295.52,13.25,0.5,56.14,-1.85,56.12,-1.85,56.13,-1.85
C01/209,JUN01,FORTH,Demersal,R,41E7,1,6,2001,4,10,30,61.53,56,2.53,2,2.64,56,2.46,2,0.41,29379.39,88120.85,4.17,0.5,56.04,-2.04,56.04,-2.01,56.04,-2.03
C01/210,JUN01,FORTH,Demersal,J,41E8,1,6,2001,6,25,25,45.51,56,12.42,1,59.57,56,12.38,1,57.93,31961.09,125112.34,6.42,0.42,56.21,-1.99,56.21,-1.97,56.21,-1.98
C01/211,JUN01,FORTH,Demersal,E,41E8,1,6,2001,8,40,30,55.64,56,22.46,1,58.67,56,22.43,2,0.88,24994.9,77444.37,8.67,0.5,56.37,-1.98,56.37,-2.01,56.37,-2
C01/212,JUN01,FORTH,Demersal,H,41E7,1,6,2001,10,50,30,57.09,56,17.69,2,9.07,56,17.38,2,11.38,26696.21,83003.69,10.83,0.5,56.29,-2.15,56.29,-2.19,56.29,-2.17
C01/213,JUN01,FORTH,Demersal,N,41E7,1,6,2001,12,50,30,59.83,56,8.44,2,8.47,56,7.6,2,10.16,29654.73,85525.63,12.83,0.5,56.14,-2.14,56.13,-2.17,56.13,-2.16
C01/214,JUN01,FORTH,Demersal,Q,41E7,1,6,2001,14,56,30,52.74,56,2.57,2,18.83,56,2.57,2,21.07,28838.5,94799.43,14.93,0.5,56.04,-2.31,56.04,-2.35,56.04,-2.33
C01/215,JUN01,FORTH,Demersal,M,41E7,2,6,2001,4,15,30,44.63,56,7.38,2,30.54,56,7.82,2,32.91,34684.98,107480.05,4.25,0.5,56.12,-2.51,56.13,-2.55,56.13,-2.53
C01/216,JUN01,FORTH,Demersal,I,41E7,2,6,2001,7,55,30,56.54,56,11.44,2,20.8,56,12.55,2,20.07,29037.42,90883.01,7.92,0.5,56.19,-2.35,56.21,-2.33,56.2,-2.34
C01/217,JUN01,FORTH,Demersal,D,41E7,2,6,2001,11,25,30,47.69,56,20.85,2,24.23,56,21.73,2,22.72,26706.6,93600.91,11.42,0.5,56.35,-2.4,56.36,-2.38,56.35,-2.39
C01/218,JUN01,FORTH,Demersal,A,41E7,2,6,2001,15,0,30,31.51,56,27.45,2,28.24,56,27.63,2,30.65,26193.2,76823.16,15,0.5,56.46,-2.47,56.46,-2.51,56.46,-2.49
C01/219,JUN01,FORTH,Demersal,B,41E7,3,6,2001,5,5,30,50.51,56,27.48,2,10.02,56,27.95,2,7.55,33585.24,99594.22,5.08,0.5,56.46,-2.17,56.47,-2.13,56.46,-2.15
C01/220,JUN01,FORTH,Pelagic,,41E8,5,6,2001,6,10,25,40,56,17.54,1,53.43,56,17.5,1,55.58,,,6.17,0.42,56.29,-1.89,56.29,-1.93,56.29,-1.91
C01/221,JUN01,FORTH,Pelagic,,41E8,5,6,2001,8,30,35,48,56,14.58,1,31.59,56,17.52,1,34,,,8.5,0.58,56.24,-1.53,56.29,-1.57,56.27,-1.55
C01/222,JUN01,FORTH,Pelagic,,41E8,6,6,2001,7,40,30,45,56,7.62,1,20.53,56,7.52,1,18.65,,,7.67,0.5,56.13,-1.34,56.13,-1.31,56.13,-1.33
C01/223,JUN01,FORTH,Pelagic,,41E7,7,6,2001,13,45,22,40,56,2.43,2,30.4,56,5.44,2,28.45,,,13.75,0.37,56.04,-2.51,56.09,-2.47,56.07,-2.49
C01/224,JUN01,FORTH,Pelagic,,41E7,7,6,2001,7,37,37,40,56,12.58,2,5.48,56,12.52,2,2.76,,,7.62,0.62,56.21,-2.09,56.21,-2.05,56.21,-2.07
C01/225,JUN01,FORTH,Pelagic,,41E7,8,6,2001,7,40,19,45,56,9.49,2,33.98,56,10.17,2,33.69,,,7.67,0.32,56.16,-2.57,56.17,-2.56,56.16,-2.56
C01/226,JUN01,FORTH,Pelagic,,41E8,9,6,2001,6,35,25,45,56,22.44,1,54.71,56,22.5,1,56.72,,,6.58,0.42,56.37,-1.91,56.37,-1.95,56.37,-1.93
C01/227,JUN01,FORTH,Pelagic,,41E8,9,6,2001,9,25,25,50,56,27.56,1,34.14,56,27.5,1,32.4,,,9.42,0.42,56.46,-1.57,56.46,-1.54,56.46,-1.55
C02/093,JUN02,FORTH,Demersal,C,44F0,9,6,2002,5,12,33,47,56,27.47,1,48.74,56,27.49,1,46.51,30099.19,127539.88,5.2,0.55,56.46,-1.81,56.46,-1.78,56.46,-1.79
C02/094,JUN02,FORTH,Demersal,G,44F0,9,6,2002,8,27,32,50.61,56,16.91,1,31.9,56,15.94,1,32.91,27605.28,119538.57,8.45,0.53,56.28,-1.53,56.27,-1.55,56.27,-1.54
C02/095,JUN02,FORTH,Demersal,F,44F0,9,6,2002,10,27,31,56.97,56,17.68,1,47.49,56,17.69,1,49.73,30137.56,115743.88,10.45,0.52,56.29,-1.79,56.29,-1.83,56.29,-1.81
C02/096,JUN02,FORTH,Demersal,I,44F0,10,6,2002,5,25,32,52.57,56,12.24,2,20.17,56,13.6,2,20,33814.54,125927.85,5.42,0.53,56.2,-2.34,56.23,-2.33,56.22,-2.33
C02/097,JUN02,FORTH,Demersal,J,44F0,10,6,2002,8,0,31,43.43,56,12.5,1,59.27,56,12.39,1,57.14,28521.94,92136.84,8,0.52,56.21,-1.99,56.21,-1.95,56.21,-1.97
C02/098,JUN02,FORTH,Demersal,O,44F0,10,6,2002,9,58,31,48.57,56,8.6,1,51.06,56,7.41,1,51.34,31165.33,105409.48,9.97,0.52,56.14,-1.85,56.12,-1.86,56.13,-1.85
C02/099,JUN02,FORTH,Demersal,N,44F0,10,6,2002,10,55,31,59.59,56,8.18,2,8.47,56,7.38,2,10.35,32709.16,124294.79,10.92,0.52,56.14,-2.14,56.12,-2.17,56.13,-2.16
C02/100,JUN02,FORTH,Demersal,M,44F0,10,6,2002,13,19,31,47.19,56,7.43,2,30.53,56,7.77,2,32.77,31478.32,119617.63,13.32,0.52,56.12,-2.51,56.13,-2.55,56.13,-2.53
C02/101,JUN02,FORTH,Demersal,Q,44F0,11,6,2002,4,10,33,55.17,56,2.54,2,20.68,56,2.65,2,18.64,25831.97,106532.67,4.17,0.55,56.04,-2.34,56.04,-2.31,56.04,-2.33
C02/102,JUN02,FORTH,Demersal,R,44F0,11,6,2002,6,3,31,60.44,56,2.49,2,1.88,56,2.66,1,59.82,29441.8,111321.58,6.05,0.52,56.04,-2.03,56.04,-2,56.04,-2.01
C02/103,JUN02,FORTH,Demersal,S,44F0,11,6,2002,8,4,31,59.71,56,2.29,1,41.82,56,2.38,1,39.42,33053.86,101850.3,8.07,0.52,56.04,-1.7,56.04,-1.66,56.04,-1.68
C02/104,JUN02,FORTH,Demersal,P,44F0,11,6,2002,10,5,32,63.14,56,7.17,1,31.29,56,7.66,1,28.88,36916.19,110188.69,10.08,0.53,56.12,-1.52,56.13,-1.48,56.12,-1.5
C02/105,JUN02,FORTH,Demersal,T,44F0,12,6,2002,5,50,31,57.14,56,2.29,1,22.64,56,1.86,1,20.4,34326.58,115008.7,5.83,0.52,56.04,-1.38,56.03,-1.34,56.03,-1.36
C02/106,JUN02,FORTH,Demersal,K,44F0,12,6,2002,8,50,31,51.43,56,12.92,1,38.6,56,11.96,1,40.19,31752.57,103485.44,8.83,0.52,56.22,-1.64,56.2,-1.67,56.21,-1.66
C02/107,JUN02,FORTH,Demersal,E,44F0,12,6,2002,11,27,31,53.14,56,22.49,1,58.14,56,22.43,2,0.39,28122.2,103349.53,11.45,0.52,56.37,-1.97,56.37,-2.01,56.37,-1.99
C02/108,JUN02,FORTH,Demersal,D,44F0,12,6,2002,13,32,32,48.14,56,21.9,2,21.37,56,21.31,2,23.64,34528.16,125883.7,13.53,0.53,56.36,-2.36,56.36,-2.39,56.36,-2.38
C02/109,JUN02,FORTH,Demersal,A,44F0,13,6,2002,4,33,33,32.71,56,27.58,2,30.46,56,27.62,2,27.98,28437.52,107969.95,4.55,0.55,56.46,-2.51,56.46,-2.47,56.46,-2.49
C02/110,JUN02,FORTH,Demersal,H,44F0,13,6,2002,7,16,32,53.71,56,17.5,2,11.12,56,17.75,2,9.01,28944.01,116912.52,7.27,0.53,56.29,-2.19,56.3,-2.15,56.29,-2.17
C02/111,JUN02,FORTH,Demersal,B,44F0,13,6,2002,9,45,31,49,56,27.85,2,7.2,56,27.52,2,9.64,35707.9,108378.86,9.75,0.52,56.46,-2.12,56.46,-2.16,56.46,-2.14
C02/112,JUN02,FORTH,Pelagic,,44F0,15,6,2002,7,45,25,55,56,7.53,1,17.51,56,7.43,1,14,,,7.75,0.42,56.13,-1.29,56.12,-1.23,56.12,-1.26
C02/113,JUN02,FORTH,Pelagic,,44F0,15,6,2002,9,16,21,50,56,7.6,1,22.95,56,7.56,1,21.45,,,9.27,0.35,56.13,-1.38,56.13,-1.36,56.13,-1.37
C02/114,JUN02,FORTH,Pelagic,,44F0,16,6,2002,9,40,20,35,56,12.71,2,3.51,56,12.76,2,2.04,,,9.67,0.33,56.21,-2.06,56.21,-2.03,56.21,-2.05
C02/115,JUN02,FORTH,Pelagic,,44F0,16,6,2002,11,16,16,47,56,12.52,2,15.66,56,12.67,2,14.81,,,11.27,0.27,56.21,-2.26,56.21,-2.25,56.21,-2.25
C02/116,JUN02,FORTH,Pelagic,,44F0,17,6,2002,4,28,20,50,56,17.43,2,20.02,56,17.46,2,21.75,,,4.47,0.33,56.29,-2.33,56.29,-2.36,56.29,-2.35
C02/117,JUN02,FORTH,Pelagic,,44F0,18,6,2002,7,27,25,45,56,17.5,1,30.75,56,17.51,1,32.76,,,7.45,0.42,56.29,-1.51,56.29,-1.55,56.29,-1.53
C02/118,JUN02,FORTH,Pelagic,,44F0,19,6,2002,7,0,25,50,56,27.32,1,40.08,56,27.36,1,41.77,,,7,0.42,56.46,-1.67,56.46,-1.7,56.46,-1.68
C02/119,JUN02,FORTH,Pelagic,,44F0,19,6,2002,9,5,7,60,56,22.45,1,34.19,56,22.46,1,33.77,,,9.08,0.12,56.37,-1.57,56.37,-1.56,56.37,-1.57
C02/120,JUN02,FORTH,Pelagic,,44F0,19,6,2002,12,57,17,35,56,22.55,2,24.8,56,22.58,2,23.45,,,12.95,0.28,56.38,-2.41,56.38,-2.39,56.38,-2.4
C02/121,JUN02,FORTH,Pelagic,,44F0,20,6,2002,17,30,10,56,56,12.65,2,22.33,56,12.7,2,21.71,,,17.5,0.17,56.21,-2.37,56.21,-2.36,56.21,-2.37
C03/123,JUN03,FORTH,Demersal,C,,6,6,2003,10,5,32,49,56,27.49,1,48.54,56,27.39,1,46.3,27198.78,128415.34,10.08,0.53,56.46,-1.81,56.46,-1.77,56.46,-1.79
C03/124,JUN03,FORTH,Demersal,E,,6,6,2003,14,5,32,52.77,56,22.47,1,57.89,56,22.47,2,0.34,31330.71,131425.05,14.08,0.53,56.37,-1.96,56.37,-2.01,56.37,-1.99
C03/125,JUN03,FORTH,Demersal,H,,7,6,2003,7,25,32,54.5,56,17.29,2,12.3,56,17.63,2,10.14,27965.86,122453.18,7.42,0.53,56.29,-2.21,56.29,-2.17,56.29,-2.19
C03/126,JUN03,FORTH,Demersal,J,,7,6,2003,9,45,32,45.83,56,12.39,1,59.13,56,12.44,1,56.85,28475.19,141049.49,9.75,0.53,56.21,-1.99,56.21,-1.95,56.21,-1.97
C03/127,JUN03,FORTH,Demersal,O,,7,6,2003,12,15,,49,56,8.69,1,51.08,56,7.6,1,51.18,26374.78,115088.21,12.25,0.52,56.14,-1.85,56.13,-1.85,56.14,-1.85
C03/128,JUN03,FORTH,Demersal,R,,7,6,2003,14,30,31,59.67,56,2.64,1,59.65,56,2.45,2,1.7,24542.19,112703.74,14.5,0.52,56.04,-1.99,56.04,-2.03,56.04,-2.01
C03/129,JUN03,FORTH,Demersal,S,,8,6,2003,6,20,32,62.83,56,2.21,1,41.46,56,2.42,1,39.11,30770.41,123081.66,6.33,0.53,56.04,-1.69,56.04,-1.65,56.04,-1.67
C03/130,JUN03,FORTH,Demersal,T,,8,6,2003,8,25,,59.83,56,2.4,1,23.03,56,1.87,1,21.13,27967.25,122831.99,8.42,0.52,56.04,-1.38,56.03,-1.35,56.04,-1.37
C03/131,JUN03,FORTH,Demersal,P,,8,6,2003,10,45,31,65,56,7.36,1,29.51,56,7.17,1,31.57,26566.88,117820.98,10.75,0.52,56.12,-1.49,56.12,-1.53,56.12,-1.51
C03/132,JUN03,FORTH,Demersal,K,,8,6,2003,12,55,32,52.17,56,13.1,1,38.04,56,12.22,1,39.68,27106.7,122777.8,12.92,0.53,56.22,-1.63,56.2,-1.66,56.21,-1.65
C03/133,JUN03,FORTH,Demersal,G,,9,6,2003,7,50,32,53.33,56,16.82,1,31.65,56,15.71,1,32.87,30216.47,142854.18,7.83,0.53,56.28,-1.53,56.26,-1.55,56.27,-1.54
C03/134,JUN03,FORTH,Demersal,F,,9,6,2003,9,50,32,57.67,56,17.62,1,47.01,56,17.6,1,49.28,30245.7,135339.28,9.83,0.53,56.29,-1.78,56.29,-1.82,56.29,-1.8
C03/135,JUN03,FORTH,Demersal,I,,9,6,2003,12,55,32,52.5,56,13.58,2,19.84,56,12.36,2,20.11,27274.07,124122.76,12.92,0.53,56.23,-2.33,56.21,-2.34,56.22,-2.33
C03/136,JUN03,FORTH,Demersal,M,,10,6,2003,5,50,31,44.33,56,7.77,2,32.74,56,7.43,2,30.75,27798.56,125166.57,5.83,0.52,56.13,-2.55,56.12,-2.51,56.13,-2.53
C03/137,JUN03,FORTH,Demersal,Q,,10,6,2003,8,15,,54.33,56,2.68,2,20.81,56,2.58,2,18.55,29808.86,119235.44,8.25,0.52,56.04,-2.35,56.04,-2.31,56.04,-2.33
C03/138,JUN03,FORTH,Demersal,N,,10,6,2003,10,25,33,61.83,56,7.1,2,10.53,56,8.08,2,9.27,30032.75,125179.6,10.42,0.55,56.12,-2.18,56.13,-2.15,56.13,-2.17
C03/139,JUN03,FORTH,Demersal,D,,10,6,2003,13,50,,46.5,56,21.25,2,23.63,56,22,2,21.68,30234.23,135722.3,13.83,0.52,56.35,-2.39,56.37,-2.36,56.36,-2.38
C03/140,JUN03,FORTH,Demersal,A,,11,6,2003,5,30,32,29.5,56,27.58,2,30.94,56,27.55,2,28.54,30717.82,143660.43,5.5,0.53,56.46,-2.52,56.46,-2.48,56.46,-2.5
C03/141,JUN03,FORTH,Demersal,B,,11,6,2003,7,40,,49.67,56,27.44,2,9.64,56,27.75,2,7.48,31238.89,147368.54,7.67,0.51,56.46,-2.16,56.46,-2.12,56.46,-2.14
C03/142,JUN03,FORTH,Pelagic,,,14,6,2003,10,15,25,40,56,27.46,2,5.63,56,27.43,2,4.16,0,0,10.25,0.42,56.46,-2.09,56.46,-2.07,56.46,-2.08
C03/143,JUN03,FORTH,Pelagic,,,14,6,2003,12,25,15,40,56,27.27,2,21.96,56,27.28,2,20.78,0,0,12.42,0.25,56.45,-2.37,56.45,-2.35,56.45,-2.36
C03/144,JUN03,FORTH,Pelagic,,,15,6,2003,8,45,30,45,56,22.57,1,34.63,56,22.5,1,36.3,0,0,8.75,0.5,56.38,-1.58,56.38,-1.6,56.38,-1.59
C03/145,JUN03,FORTH,Pelagic,,,15,6,2003,13,10,25,50,56,17.43,2,1.19,56,17.5,1,59.69,0,0,13.17,0.42,56.29,-2.02,56.29,-1.99,56.29,-2.01
C03/146,JUN03,FORTH,Pelagic,,,16,6,2003,9,10,35,50,56,12.55,1,22.94,56,12.49,1,25.24,0,0,9.17,0.58,56.21,-1.38,56.21,-1.42,56.21,-1.4
C03/147,JUN03,FORTH,Pelagic,,,17,6,2003,8,50,20,85,56,2.39,1,32.32,56,2.66,1,22.81,0,0,8.83,0.33,56.04,-1.54,56.04,-1.38,56.04,-1.46
C03/148,JUN03,FORTH,Pelagic,,,17,6,2003,12,35,25,60,56,7.46,1,29.13,56,7.47,1,27.5,0,0,12.58,0.42,56.12,-1.49,56.12,-1.46,56.12,-1.47
C97/014,JUN97,MORAY,Pelagic,,44E7,18,6,1997,5,55,40,90,57,51.9,2,55.3,57,49.95,2,55.26,,,5.92,0.67,57.86,-2.92,57.83,-2.92,57.85,-2.92
C97/015,JUN97,MORAY,Pelagic,,45E6,18,6,1997,10,30,30,67,58,11.6,3,5.1,58,12.56,3,5.14,,,10.5,0.5,58.19,-3.08,58.21,-3.09,58.2,-3.09
C97/016,JUN97,MORAY,Pelagic,,44E6,19,6,1997,5,40,35,70,57,49.36,3,14.94,57,48.04,3,15.02,,,5.67,0.58,57.82,-3.25,57.8,-3.25,57.81,-3.25
C97/017,JUN97,MORAY,Pelagic,,45E6,19,6,1997,8,40,50,60,58,6.43,3,15.1,58,3.93,3,15.12,,,8.67,0.83,58.11,-3.25,58.07,-3.25,58.09,-3.25
C97/018,JUN97,MORAY,Pelagic,,45E6,19,6,1997,11,50,40,40,58,11.8,3,25.05,58,12.96,3,24.96,,,11.83,0.67,58.2,-3.42,58.22,-3.42,58.21,-3.42
C97/019,JUN97,FORTH,Pelagic,,41E7,21,6,1997,10,15,30,56,56,8,2,18,56,8.78,2,15.66,,,10.25,0.5,56.13,-2.3,56.15,-2.26,56.14,-2.28
C97/020,JUN97,FORTH,Pelagic,,41E7,21,6,1997,13,20,40,46,56,7.64,2,48.5,56,7.69,2,46.16,,,13.33,0.67,56.13,-2.81,56.13,-2.77,56.13,-2.79
C97/021,JUN97,FORTH,Pelagic,,41E8,22,6,1997,10,5,25,70,56,2.94,1,27.73,56,3.04,1,29.51,,,10.08,0.42,56.05,-1.46,56.05,-1.49,56.05,-1.48
C97/022,JUN97,FORTH,Pelagic,,41E7,23,6,1997,6,20,25,45,56,12.17,2,31.66,56,12.34,2,33.58,,,6.33,0.42,56.2,-2.53,56.21,-2.56,56.2,-2.54
C97/023,JUN97,FORTH,Pelagic,,41E7,23,6,1997,14,5,40,54,56,17.61,2,10.3,56,17.37,2,8.32,,,14.08,0.67,56.29,-2.17,56.29,-2.14,56.29,-2.16
C97/024,JUN97,FORTH,Pelagic,,41E7,24,6,1997,6,17,26,42,56,22.18,2,23.99,56,22.03,2,26.02,,,6.28,0.43,56.37,-2.4,56.37,-2.43,56.37,-2.42
C97/025,JUN97,FORTH,Pelagic,,41E7,24,6,1997,8,22,26,53,56,22.74,2,8.77,56,22.83,2,10.48,,,8.37,0.43,56.38,-2.15,56.38,-2.17,56.38,-2.16
C97/026,JUN97,FORTH,Pelagic,,41E8,24,6,1997,13,27,29,50,56,12.57,1,23.18,56,12.53,1,24.97,,,13.45,0.48,56.21,-1.39,56.21,-1.42,56.21,-1.4
C97/027,JUN97,FORTH,Pelagic,,41E7,25,6,1997,8,40,30,56,56,28.28,2,3.85,56,28.63,2,1.11,,,8.67,0.5,56.47,-2.06,56.48,-2.02,56.47,-2.04
C97/028,JUN97,FORTH,Demersal,L,41E7,27,6,1997,11,10,30,50,56,7.52,2,49.84,56,7.92,2,46.28,40717.91,107243.64,11.17,0.5,56.13,-2.83,56.13,-2.77,56.13,-2.8
C97/029,JUN97,FORTH,Demersal,M,41E7,29,6,1997,8,45,30,45,56,7.72,2,32.73,56,7.32,2,29.88,33504.9,84476.15,8.75,0.5,56.13,-2.55,56.12,-2.5,56.13,-2.52
C97/030,JUN97,FORTH,Demersal,Q,41E7,29,6,1997,10,25,30,55,56,2.47,2,22,56,2.55,2,18.7,37111.23,91666.01,10.42,0.5,56.04,-2.37,56.04,-2.31,56.04,-2.34
C97/031,JUN97,FORTH,Demersal,R,41E7,29,6,1997,12,55,30,63,56,2.36,2,2.66,56,2.6,1,59.5,35840.1,84621.31,12.92,0.5,56.04,-2.04,56.04,-1.99,56.04,-2.02
C97/032,JUN97,FORTH,Demersal,S,41E8,29,6,1997,15,30,30,60,56,2.35,1,41.93,56,2.48,1,38.86,31801.93,72853.53,15.5,0.5,56.04,-1.7,56.04,-1.65,56.04,-1.67
C97/033,JUN97,FORTH,Demersal,T,41E8,30,6,1997,4,40,30,52,56,1.75,1,20.35,56,2.47,1,23.68,38161.3,81104.78,4.67,0.5,56.03,-1.34,56.04,-1.39,56.04,-1.37
C97/034,JUN97,FORTH,Demersal,P,41E8,30,6,1997,6,45,30,62,56,7.07,1,31.8,56,7.37,1,29.01,32333.19,70895.18,6.75,0.5,56.12,-1.53,56.12,-1.48,56.12,-1.51
C97/035,JUN97,FORTH,Demersal,G,41E8,30,6,1997,9,20,30,50,56,16.16,1,32.48,56,17.28,1,31,26591.04,69704.95,9.33,0.5,56.27,-1.54,56.29,-1.52,56.28,-1.53
C97/036,JUN97,FORTH,Demersal,K,41E8,30,6,1997,11,20,30,51,56,11.94,1,40.62,56,12.92,1,38.84,24385.39,63884.53,11.33,0.5,56.2,-1.68,56.22,-1.65,56.21,-1.66
C97/037,JUN97,FORTH,Demersal,O,41E8,30,6,1997,13,52,30,50,56,8.44,1,50.75,56,6.8,1,51.87,32441.94,75392.8,13.87,0.5,56.14,-1.85,56.11,-1.86,56.13,-1.86
C97/038,JUN97,FORTH,Demersal,I,41E7,1,7,1997,14,15,30,55,56,11.89,2,20.39,56,13.67,2,19.72,35236.84,92021.38,14.25,0.5,56.2,-2.34,56.23,-2.33,56.21,-2.33
C97/039,JUN97,FORTH,Demersal,N,41E7,1,7,1997,16,25,30,60,56,7.01,2,11.02,56,8.55,2,8.76,38844.38,86107.38,16.42,0.5,56.12,-2.18,56.14,-2.15,56.13,-2.16
C97/040,JUN97,FORTH,Demersal,H,41E7,2,7,1997,6,10,30,52,56,17.61,2,9.24,56,17.35,2,12.43,32900.42,70602.11,6.17,0.5,56.29,-2.15,56.29,-2.21,56.29,-2.18
C97/041,JUN97,FORTH,Demersal,J,41E8,2,7,1997,8,35,30,40,56,12.42,1,56.98,56,12.38,2,0.61,37567.36,92049.83,8.58,0.5,56.21,-1.95,56.21,-2.01,56.21,-1.98
C97/042,JUN97,FORTH,Demersal,F,41E8,2,7,1997,10,45,30,58,56,17.72,1,47.25,56,17.75,1,50.69,36276.05,78523.28,10.75,0.5,56.3,-1.79,56.3,-1.84,56.3,-1.82
C97/043,JUN97,FORTH,Demersal,E,41E8,2,7,1997,14,45,30,50,56,22.47,2,0.87,56,22.58,1,57.55,32683.3,71859.5,14.75,0.5,56.37,-2.01,56.38,-1.96,56.38,-1.99
C97/045,JUN97,FORTH,Demersal,D,41E7,3,7,1997,4,45,25,44,56,21.16,2,23.77,56,22.13,2,21.15,33717.5,73502.51,4.75,0.42,56.35,-2.4,56.37,-2.35,56.36,-2.37
C97/046,JUN97,FORTH,Demersal,A,41E7,3,7,1997,6,32,30,30,56,25.57,2,31.29,56,27.57,2,27.91,33689.83,77792.78,6.53,0.5,56.43,-2.52,56.46,-2.47,56.44,-2.49
C97/047,JUN97,FORTH,Demersal,B,41E7,3,7,1997,8,45,30,50,56,27.8,2,6.94,56,27.47,2,10.47,35090.28,74831.23,8.75,0.5,56.46,-2.12,56.46,-2.17,56.46,-2.15
C97/048,JUN97,FORTH,Demersal,C,41E8,3,7,1997,11,20,30,51,56,27.41,1,46.88,56,27.49,1,50.42,34018.78,77550.67,11.33,0.5,56.46,-1.78,56.46,-1.84,56.46,-1.81
C97/049,JUN97,MORAY,Demersal,AD,45E7,4,7,1997,10,4,30,58,58,5.54,2,44.86,58,3.45,2,45.25,40886.02,91616.28,10.07,0.5,58.09,-2.75,58.06,-2.75,58.07,-2.75
C97/050,JUN97,MORAY,Demersal,AB,45E7,4,7,1997,12,15,30,40,58,10.25,2,56.43,58,9.26,2,53.13,36182.6,77779.08,12.25,0.5,58.17,-2.94,58.15,-2.89,58.16,-2.91
C97/051,JUN97,MORAY,Demersal,AC,45E6,4,7,1997,15,45,30,58,58,3.88,3,15.53,58,6.23,3,14.27,39458.33,84420.36,15.75,0.5,58.06,-3.26,58.1,-3.24,58.08,-3.25
C97/052,JUN97,MORAY,Demersal,AA,45E6,5,7,1997,4,45,30,38,58,11.63,3,25.13,58,9.85,3,25,29578.02,72211.39,4.75,0.5,58.19,-3.42,58.16,-3.42,58.18,-3.42
C97/053,JUN97,MORAY,Demersal,AE,44E6,5,7,1997,7,0,30,40,57,58.9,3,35.6,58,1.04,3,34.53,35617.25,83070.56,7,0.5,57.98,-3.59,58.02,-3.58,58,-3.58
C97/054,JUN97,MORAY,Demersal,AG,44E6,5,7,1997,9,15,30,34,57,55.02,3,44.96,57,56.61,3,46.65,32388.36,75244.43,9.25,0.5,57.92,-3.75,57.94,-3.78,57.93,-3.76
C97/055,JUN97,MORAY,Demersal,AH,44E6,5,7,1997,11,20,30,55,57,56.22,3,26.59,57,54.57,3,24.49,39756.03,85631.95,11.33,0.5,57.94,-3.44,57.91,-3.41,57.92,-3.43
C97/056,JUN97,MORAY,Demersal,AL,44E6,5,7,1997,14,50,30,65,57,44.5,3,35.59,57,42.95,3,37.25,32338.82,69251.63,14.83,0.5,57.74,-3.59,57.72,-3.62,57.73,-3.61
C97/057,JUN97,MORAY,Demersal,AM,44E6,6,7,1997,5,30,30,25,57,46.79,3,6.12,57,45.08,3,3.77,34694.73,94379.13,5.5,0.5,57.78,-3.1,57.75,-3.06,57.77,-3.08
C97/058,JUN97,MORAY,Demersal,AJ,44E6,6,7,1997,7,35,30,55,57,50.38,3,14.55,57,48.7,3,16.29,41465.27,82229.12,7.58,0.5,57.84,-3.24,57.81,-3.27,57.83,-3.26
C97/059,JUN97,MORAY,Demersal,AF,45E6,6,7,1997,10,35,30,52,58,1,3,3.53,57,59.16,3,5.97,41097.33,84263.87,10.58,0.5,58.02,-3.06,57.99,-3.1,58,-3.08
C97/060,JUN97,MORAY,Demersal,AI,44E7,6,7,1997,12,35,30,90,57,53.74,2,55.8,57,55.78,2,54.36,44893.11,86007.1,12.58,0.5,57.9,-2.93,57.93,-2.91,57.91,-2.92
C97/061,JUN97,MORAY,Demersal,AK,44E7,6,7,1997,14,15,30,98,57,50.91,2,46.4,57,49.16,2,43.55,49178.1,103012.18,14.25,0.5,57.85,-2.77,57.82,-2.73,57.83,-2.75
C97/116,SEP97,FORTH,Pelagic,,41E8,11,9,1997,10,0,20,78,56,2.53,1,36.64,56,2.56,1,38.08,,,10,0.33,56.04,-1.61,56.04,-1.63,56.04,-1.62
C97/117,SEP97,FORTH,Pelagic,,41E7,13,9,1997,15,45,50,28,56,22.47,2,32.74,56,22.48,2,28.5,,,15.75,0.83,56.37,-2.55,56.37,-2.48,56.37,-2.51
C97/118,SEP97,FORTH,Demersal,A,41E7,14,9,1997,13,23,30,26,56,27.48,2,31.78,56,27.51,2,29.47,26229.15,92307.85,13.38,0.5,56.46,-2.53,56.46,-2.49,56.46,-2.51
C97/119,SEP97,FORTH,Demersal,H,41E7,14,9,1997,15,52,30,51,56,17.45,2,12.1,56,17.76,2,9.39,37483.32,114314.23,15.87,0.5,56.29,-2.2,56.3,-2.16,56.29,-2.18
C97/120,SEP97,FORTH,Demersal,R,41E8,15,9,1997,13,38,30,62,56,2.46,1,58.92,56,2.07,2,0.74,29519.42,104903.61,13.63,0.5,56.04,-1.98,56.03,-2.01,56.04,-2
C97/121,SEP97,FORTH,Demersal,M,41E7,16,9,1997,6,25,30,45,56,7.66,2,32.07,56,7.28,2,29.8,28749.11,89122.23,6.42,0.5,56.13,-2.53,56.12,-2.5,56.12,-2.52
C97/122,SEP97,FORTH,Demersal,I,41E7,16,9,1997,8,13,30,50,56,12.2,2,20.08,56,13.8,2,19.95,36329.45,125750.95,8.22,0.5,56.2,-2.33,56.23,-2.33,56.22,-2.33
C97/123,SEP97,FORTH,Demersal,J,41E7,16,9,1997,10,31,30,40,56,12.5,2,1.42,56,12.32,1,59.02,28677.62,87972.52,10.52,0.5,56.21,-2.02,56.21,-1.98,56.21,-2
C97/124,SEP97,FORTH,Demersal,O,41E8,16,9,1997,12,36,31,49,56,8.35,1,50.73,56,7.05,1,51.65,30766.62,149107.55,12.6,0.52,56.14,-1.85,56.12,-1.86,56.13,-1.85
C97/125,SEP97,FORTH,Demersal,N,41E7,16,9,1997,16,17,31,63,56,7.97,2,9.56,56,6.91,2,10.82,31064.34,103179.09,16.28,0.52,56.13,-2.16,56.12,-2.18,56.12,-2.17
C97/126,SEP97,FORTH,Demersal,S,41E8,17,9,1997,7,21,30,62,56,2.33,1,41.84,56,2.53,1,39.28,33153.81,99650.44,7.35,0.5,56.04,-1.7,56.04,-1.65,56.04,-1.68
C97/127,SEP97,FORTH,Demersal,P,41E8,17,9,1997,9,2,31,62,56,7.23,1,31.76,56,7.61,1,29.5,30278.76,92894.5,9.03,0.52,56.12,-1.53,56.13,-1.49,56.12,-1.51
C97/128,SEP97,FORTH,Demersal,G,41E8,17,9,1997,12,39,30,50,56,15.94,1,32.68,56,16.87,1,31.66,24688.18,79792.44,12.65,0.5,56.27,-1.54,56.28,-1.53,56.27,-1.54
C97/129,SEP97,FORTH,Demersal,F,41E8,17,9,1997,14,35,30,60,56,17.61,1,47.52,56,17.57,1,49.82,29113.68,100400.56,14.58,0.5,56.29,-1.79,56.29,-1.83,56.29,-1.81
C97/130,SEP97,FORTH,Demersal,C,41E8,17,9,1997,16,53,30,52,56,27.37,1,47.2,56,27.5,1,49.49,26699.32,79503.08,16.88,0.5,56.46,-1.79,56.46,-1.82,56.46,-1.81
C97/131,SEP97,FORTH,Demersal,E,41E8,18,9,1997,6,36,30,47,56,22.59,1,57.22,56,22.48,1,59.48,28239.84,82341.09,6.6,0.5,56.38,-1.95,56.37,-1.99,56.38,-1.97
C97/132,SEP97,FORTH,Demersal,B,41E7,18,9,1997,8,24,31,47,56,27.83,2,7.15,56,27.66,2,9.41,28944.94,78675.23,8.4,0.52,56.46,-2.12,56.46,-2.16,56.46,-2.14
C98/005,MAR98,FORTH,Demersal,A,41E7,4,3,1998,8,40,30,30,56,27.59,2,30.52,56,27.63,2,28.04,23728.59,71185.77,8.67,0.5,56.46,-2.51,56.46,-2.47,56.46,-2.49
C98/006,MAR98,FORTH,Demersal,B,41E7,4,3,1998,10,50,30,50,56,27.58,2,9.87,56,27.76,2,7.47,25676.47,92801.49,10.83,0.5,56.46,-2.16,56.46,-2.12,56.46,-2.14
C98/007,MAR98,FORTH,Demersal,C,41E8,4,3,1998,12,55,30,52,56,27.52,1,49.59,56,27.35,1,47.2,25279.54,87268.02,12.92,0.5,56.46,-1.83,56.46,-1.79,56.46,-1.81
C98/008,MAR98,FORTH,Demersal,E,41E8,4,3,1998,15,15,30,50,56,22.5,1,57.81,56,22.41,2,0.42,27828.38,107238.2,15.25,0.5,56.38,-1.96,56.37,-2.01,56.37,-1.99
C98/009,MAR98,FORTH,Demersal,D,41E7,4,3,1998,18,0,30,50,56,21.91,2,21.54,56,21.22,2,23.54,25158.55,88396.4,18,0.5,56.37,-2.36,56.35,-2.39,56.36,-2.38
C98/010,MAR98,FORTH,Demersal,F,41E8,5,3,1998,9,35,30,60,56,17.66,1,49.66,56,17.64,1,47.21,24558.77,98507.62,9.58,0.5,56.29,-1.83,56.29,-1.79,56.29,-1.81
C98/011,MAR98,FORTH,Demersal,G,41E8,5,3,1998,11,35,30,50,56,17.23,1,31.35,56,16.22,1,32.39,22888.6,65686.39,11.58,0.5,56.29,-1.52,56.27,-1.54,56.28,-1.53
C98/012,MAR98,FORTH,Demersal,K,41E8,5,3,1998,13,45,30,55,56,12.81,1,38.82,56,11.95,1,40.51,24246.63,77589.22,13.75,0.5,56.21,-1.65,56.2,-1.68,56.21,-1.66
C98/013,MAR98,FORTH,Demersal,R,41E7,6,3,1998,7,40,30,65,56,2.45,2,2.05,56,2.59,1,59.41,28743.79,86231.38,7.67,0.5,56.04,-2.03,56.04,-1.99,56.04,-2.01
C98/014,MAR98,FORTH,Demersal,S,41E8,6,3,1998,10,5,30,62,56,2.21,1,42.26,56,2.44,1,39.75,27311.83,81935.49,10.08,0.5,56.04,-1.7,56.04,-1.66,56.04,-1.68
C98/015,MAR98,FORTH,Demersal,T,41E8,6,3,1998,12,10,30,58,56,2.56,1,23.27,56,2,1,21.08,25403.25,76209.74,12.17,0.5,56.04,-1.39,56.03,-1.35,56.04,-1.37
C98/016,MAR98,FORTH,Demersal,P,41E8,6,3,1998,13,55,30,64,56,7.55,1,29.28,56,7.09,1,31.62,28163.47,84490.4,13.92,0.5,56.13,-1.49,56.12,-1.53,56.12,-1.51
C98/017,MAR98,FORTH,Demersal,O,41E8,6,3,1998,16,10,30,45,56,8.91,1,51.14,56,7.78,1,51.32,23935.87,71807.6,16.17,0.5,56.15,-1.85,56.13,-1.86,56.14,-1.85
C98/018,MAR98,FORTH,Demersal,M,41E7,7,3,1998,8,45,30,45,56,7.67,2,32.34,56,7.31,2,29.81,30006.55,90019.65,8.75,0.5,56.13,-2.54,56.12,-2.5,56.12,-2.52
C98/019,MAR98,FORTH,Demersal,I,41E7,7,3,1998,10,35,30,55,56,11.34,2,20.57,56,12.6,2,20,27642.16,82926.47,10.58,0.5,56.19,-2.34,56.21,-2.33,56.2,-2.34
C98/020,MAR98,FORTH,Demersal,H,41E7,7,3,1998,12,30,30,52,56,17.33,2,12.12,56,17.63,2,9.54,28812.33,86436.98,12.5,0.5,56.29,-2.2,56.29,-2.16,56.29,-2.18
C98/021,MAR98,FORTH,Demersal,J,41E8,7,3,1998,14,40,30,45,56,12.36,1,57.14,56,12.34,1,59.39,24732.35,74197.05,14.67,0.5,56.21,-1.95,56.21,-1.99,56.21,-1.97
C98/022,MAR98,FORTH,Demersal,N,41E7,7,3,1998,16,25,30,58,56,8.34,2,8.75,56,7.3,2,10.58,28093.29,84279.86,16.42,0.5,56.14,-2.15,56.12,-2.18,56.13,-2.16
C98/024,MAR98,FORTH,Pelagic,,41E7,20,3,1998,13,58,32,57,56,12.54,2,3.18,56,12.5,2,0.75,,,13.97,0.53,56.21,-2.05,56.21,-2.01,56.21,-2.03
C98/025,MAR98,FORTH,Pelagic,,41E8,21,3,1998,12,51,25,57,56,22.53,1,58.61,56,22.5,1,56.74,,,12.85,0.42,56.38,-1.98,56.38,-1.95,56.38,-1.96
C98/026,MAR98,FORTH,Pelagic,,41E7,21,3,1998,16,50,30,35,56,27.34,2,23.8,56,27.34,2,26.58,,,16.83,0.5,56.46,-2.4,56.46,-2.44,56.46,-2.42
C98/079,JUN98,FORTH,Pelagic,,41E7,13,6,1998,7,45,20,61,56,2.53,2,4.34,56,2.54,2,5.44,,,7.75,0.33,56.04,-2.07,56.04,-2.09,56.04,-2.08
C98/080,JUN98,FORTH,Pelagic,,41E8,13,6,1998,11,20,25,55,56,3.23,1,21.23,56,3.06,1,23.06,,,11.33,0.42,56.05,-1.35,56.05,-1.38,56.05,-1.37
C98/081,JUN98,FORTH,Pelagic,,41E7,14,6,1998,8,50,35,60,56,7.5,2,47.4,56,7.48,2,43.71,,,8.83,0.58,56.12,-2.79,56.12,-2.73,56.12,-2.76
C98/082,JUN98,FORTH,Demersal,M,41E7,18,6,1998,5,40,30,50,56,7.88,2,33.45,56,7.49,2,31.17,37771.14,118857.59,5.67,0.5,56.13,-2.56,56.12,-2.52,56.13,-2.54
C98/083,JUN98,FORTH,Demersal,I,41E7,18,6,1998,7,40,30,60,56,11.27,2,20.82,56,12.79,2,19.93,32974.59,92590.25,7.67,0.5,56.19,-2.35,56.21,-2.33,56.2,-2.34
C98/084,JUN98,FORTH,Demersal,J,41E8,18,6,1998,9,45,30,45,56,12.42,2,0.65,56,12.39,1,57.63,38839.63,110024.49,9.75,0.5,56.21,-2.01,56.21,-1.96,56.21,-1.99
C98/085,JUN98,FORTH,Demersal,K,41E8,18,6,1998,11,55,30,50,56,11.95,1,40.51,56,13.18,1,38.28,38176.8,114626.28,11.92,0.5,56.2,-1.68,56.22,-1.64,56.21,-1.66
C98/086,JUN98,FORTH,Demersal,G,41E8,18,6,1998,13,20,30,55,56,15.67,1,33.18,56,17.14,1,31.52,40084.7,118385.06,13.33,0.5,56.26,-1.55,56.29,-1.53,56.27,-1.54
C98/087,JUN98,FORTH,Demersal,P,41E8,18,6,1998,15,35,30,65,56,7.22,1,29.12,56,7.11,1,31.96,44041.78,117300.24,15.58,0.5,56.12,-1.49,56.12,-1.53,56.12,-1.51
C98/088,JUN98,FORTH,Demersal,T,41E8,19,6,1998,5,10,30,55,56,1.84,1,20.73,56,2.47,1,23.38,36972.35,114356.73,5.17,0.5,56.03,-1.35,56.04,-1.39,56.04,-1.37
C98/089,JUN98,FORTH,Demersal,S,41E8,19,6,1998,7,10,30,60,56,2.5,1,38.57,56,2.31,1,41.25,35251.3,102365.37,7.17,0.5,56.04,-1.64,56.04,-1.69,56.04,-1.67
C98/090,JUN98,FORTH,Demersal,O,41E8,19,6,1998,10,0,30,50,56,8.62,1,50.97,56,7.2,1,51.5,36746.58,113272.51,10,0.5,56.14,-1.85,56.12,-1.86,56.13,-1.85
C98/091,JUN98,FORTH,Demersal,R,41E7,19,6,1998,12,40,30,60,56,2.64,1,59.26,56,2.41,2,1.91,38101.95,105415.81,12.67,0.5,56.04,-1.99,56.04,-2.03,56.04,-2.01
C98/092,JUN98,FORTH,Demersal,N,41E7,19,6,1998,14,30,30,60,56,8.46,2,8.63,56,7.45,2,10.41,34700.52,90093.33,14.5,0.5,56.14,-2.14,56.12,-2.17,56.13,-2.16
C98/093,JUN98,FORTH,Demersal,Q,41E7,20,6,1998,6,0,30,55,56,2.59,2,18.94,56,2.53,2,21.69,37096.32,105325.32,6,0.5,56.04,-2.32,56.04,-2.36,56.04,-2.34
C98/094,JUN98,FORTH,Demersal,H,41E7,20,6,1998,10,5,30,55,56,17.34,2,12.08,56,17.74,2,9.43,39010.14,108876.01,10.08,0.5,56.29,-2.2,56.3,-2.16,56.29,-2.18
C98/095,JUN98,FORTH,Demersal,F,41E8,20,6,1998,12,50,30,60,56,17.61,1,49.58,56,17.69,1,46.6,41947.1,113865.45,12.83,0.5,56.29,-1.83,56.29,-1.78,56.29,-1.8
C98/096,JUN98,FORTH,Demersal,D,41E7,21,6,1998,6,20,30,50,56,21.18,2,23.79,56,22.17,2,21.52,39676.68,118948.09,6.33,0.5,56.35,-2.4,56.37,-2.36,56.36,-2.38
C98/097,JUN98,FORTH,Demersal,E,41E8,21,6,1998,8,50,30,50,56,22.33,2,0.1,56,22.5,1,57.29,38426.14,104451.68,8.83,0.5,56.37,-2,56.38,-1.95,56.37,-1.98
C98/098,JUN98,FORTH,Demersal,C,41E8,21,6,1998,10,55,30,50,56,27.4,1,46.65,56,27.43,1,49.28,38683.55,121294.16,10.92,0.5,56.46,-1.78,56.46,-1.82,56.46,-1.8
C98/099,JUN98,FORTH,Demersal,B,41E7,21,6,1998,13,30,30,50,56,27.8,2,6.83,56,27.52,2,9.69,36028.45,108337.42,13.5,0.5,56.46,-2.11,56.46,-2.16,56.46,-2.14
C98/100,JUN98,FORTH,Demersal,A,41E7,22,6,1998,8,0,30,30,56,27.56,2,31.23,56,27.5,2,28.28,35452.49,105252.99,8,0.5,56.46,-2.52,56.46,-2.47,56.46,-2.5
C98/153,OCT98,FORTH,Pelagic,,41E7,13,10,1998,9,31,12,27,56,22.49,2,33.3,56,22.59,2,32.31,,,9.52,0.2,56.37,-2.56,56.38,-2.54,56.38,-2.55
C98/154,OCT98,FORTH,Pelagic,,41E7,14,10,1998,9,11,20,66,56,2.53,2,18.02,56,2.58,2,19.7,,,9.18,0.33,56.04,-2.3,56.04,-2.33,56.04,-2.31
C99/082,JUL99,FORTH,Pelagic,,41E7,2,7,1999,11,58,30,47,56,7.52,1,23.17,56,7.41,1,21.22,,,11.97,0.5,56.13,-1.39,56.12,-1.35,56.12,-1.37
C99/083,JUL99,FORTH,Pelagic,,41E7,3,7,1999,11,52,26,45,56,17.6,1,53.6,56,17.51,1,51.53,,,11.87,0.43,56.29,-1.89,56.29,-1.86,56.29,-1.88
C99/084,JUL99,FORTH,Pelagic,,41E8,3,7,1999,14,58,23,46,56,17.43,2,27.1,56,17.47,2,25.51,,,14.97,0.38,56.29,-2.45,56.29,-2.43,56.29,-2.44
C99/085,JUL99,FORTH,Pelagic,,41E8,4,7,1999,14,40,27,27,56,22.49,2,30.64,56,22.4,2,28.3,,,14.67,0.45,56.37,-2.51,56.37,-2.47,56.37,-2.49
C99/086,JUL99,FORTH,Pelagic,,41E8,5,7,1999,6,15,22,45,56,27.43,2,20.8,56,27.52,2,22.38,,,6.25,0.37,56.46,-2.35,56.46,-2.37,56.46,-2.36
C99/087,JUL99,FORTH,Pelagic,,41E7,5,7,1999,8,33,22,48,56,27.54,1,58.65,56,27.55,2,0.25,,,8.55,0.37,56.46,-1.98,56.46,-2,56.46,-1.99
C99/088,JUL99,FORTH,Demersal,C,41E7,7,7,1999,7,10,30,50,56,27.35,1,47.09,56,27.4,1,49.37,25121.79,104138.19,7.17,0.5,56.46,-1.78,56.46,-1.82,56.46,-1.8
C99/089,JUL99,FORTH,Demersal,G,41E7,7,7,1999,9,40,30,50,56,16.94,1,31.66,56,15.8,1,32.87,26960.56,108798.2,9.67,0.5,56.28,-1.53,56.26,-1.55,56.27,-1.54
C99/090,JUL99,FORTH,Demersal,T,41E7,7,7,1999,12,25,30,60,56,2.55,1,22.79,56,1.96,1,21.02,20850.77,81453.96,12.42,0.5,56.04,-1.38,56.03,-1.35,56.04,-1.37
C99/091,JUL99,FORTH,Demersal,R,41E8,8,7,1999,6,0,30,60,56,2.48,2,2.76,56,2.49,2,0.69,24154.63,77381.86,6,0.5,56.04,-2.05,56.04,-2.01,56.04,-2.03
C99/092,JUL99,FORTH,Demersal,S,41E7,8,7,1999,8,10,30,65,56,2.2,1,41.93,56,2.37,1,39.83,26221.48,86940.58,8.17,0.5,56.04,-1.7,56.04,-1.66,56.04,-1.68
C99/093,JUL99,FORTH,Demersal,P,41E7,8,7,1999,9,50,30,65,56,7.04,1,31.51,56,7.45,1,29.46,27296.67,94601.37,9.83,0.5,56.12,-1.53,56.12,-1.49,56.12,-1.51
C99/094,JUL99,FORTH,Demersal,K,41E7,8,7,1999,12,10,30,55,56,12.99,1,38.44,56,12.14,1,39.96,24671.77,74026.9,12.17,0.5,56.22,-1.64,56.2,-1.67,56.21,-1.65
C99/095,JUL99,FORTH,Demersal,O,41E7,8,7,1999,14,0,28,50,56,8.69,1,50.98,56,7.67,1,51.05,20980.64,73815.56,14,0.47,56.14,-1.85,56.13,-1.85,56.14,-1.85
C99/096,JUL99,FORTH,Demersal,Q,41E8,9,7,1999,6,5,30,55,56,2.52,2,21.57,56,2.59,2,19.47,25741.48,73692.66,6.08,0.5,56.04,-2.36,56.04,-2.32,56.04,-2.34
C99/097,JUL99,FORTH,Demersal,N,41E8,9,7,1999,7,50,30,60,56,7.03,2,11.03,56,8.04,2,9.53,28912.6,84640.83,7.83,0.5,56.12,-2.18,56.13,-2.16,56.13,-2.17
C99/098,JUL99,FORTH,Demersal,J,41E7,9,7,1999,11,50,30,45,56,12.4,1,56.57,56,12.36,1,58.73,25218.49,86061.48,11.83,0.5,56.21,-1.94,56.21,-1.98,56.21,-1.96
C99/099,JUL99,FORTH,Demersal,F,41E7,9,7,1999,13,40,30,60,56,17.6,1,49.04,56,17.63,1,46.71,26621.3,91829.26,13.67,0.5,56.29,-1.82,56.29,-1.78,56.29,-1.8
C99/100,JUL99,FORTH,Demersal,M,41E8,10,7,1999,5,40,30,45,56,7.85,2,33.56,56,7.53,2,31.5,27030.2,81961.15,5.67,0.5,56.13,-2.56,56.13,-2.52,56.13,-2.54
C99/101,JUL99,FORTH,Demersal,I,41E8,10,7,1999,7,30,30,55,56,11.52,2,20.69,56,12.68,2,20.03,28006.89,96448.77,7.5,0.5,56.19,-2.34,56.21,-2.33,56.2,-2.34
C99/102,JUL99,FORTH,Demersal,H,41E8,10,7,1999,9,30,30,55,56,17.37,2,12.23,56,17.63,2,10.09,26378.32,78721.5,9.5,0.5,56.29,-2.2,56.29,-2.17,56.29,-2.19
C99/103,JUL99,FORTH,Demersal,E,41E7,10,7,1999,12,25,33,50,56,22.49,1,57.41,56,22.48,1,59.72,27439.6,97101.25,12.42,0.55,56.37,-1.96,56.37,-2,56.37,-1.98
C99/104,JUL99,FORTH,Demersal,D,41E8,10,7,1999,14,35,30,45,56,22.16,2,20.95,56,21.61,2,22.88,25926.17,78284.49,14.58,0.5,56.37,-2.35,56.36,-2.38,56.36,-2.37
C99/105,JUL99,FORTH,Demersal,A,41E8,11,7,1999,6,0,30,30,56,27.6,2,31.38,56,27.54,2,29.19,22066.05,93075.62,6,0.5,56.46,-2.52,56.46,-2.49,56.46,-2.5
C99/106,JUL99,FORTH,Demersal,B,41E8,11,7,1999,8,5,30,50,56,27.49,2,10.05,56,27.7,2,7.98,24826.21,80921.33,8.08,0.5,56.46,-2.17,56.46,-2.13,56.46,-2.15
D97/021,APR97,FORTH,Pelagic,,41E7,22,4,1997,16,13,,,56,22.69,2,22.88,56,22.57,2,21.64,,,16.22,,56.38,-2.38,56.38,-2.36,56.38,-2.37
D97/038,APR97,FORTH,Pelagic,,41E8,23,4,1997,8,59,,,56,17.52,1,51.38,56,17.37,1,48.76,,,8.98,,56.29,-1.86,56.29,-1.81,56.29,-1.83
D97/042,APR97,FORTH,Pelagic,,41E8,23,4,1997,13,20,,,56,17.59,1,11.66,56,17.61,1,9.52,,,13.33,,56.29,-1.19,56.29,-1.16,56.29,-1.18
D97/058,APR97,FORTH,Pelagic,,41E7,24,4,1997,5,43,,,56,12.04,2,22.91,56,12.05,2,20.52,,,5.72,,56.2,-2.38,56.2,-2.34,56.2,-2.36
D97/083,APR97,FORTH,Pelagic,,41E8,25,4,1997,8,48,,,56,2.71,1,32.3,56,2.77,1,35.64,,,8.8,,56.05,-1.54,56.05,-1.59,56.05,-1.57
D97/102,APR97,FORTH,Pelagic,,40E8,26,4,1997,6,45,,,55,47.52,1,19.32,55,47.21,1,16.4,,,6.75,,55.79,-1.32,55.79,-1.27,55.79,-1.3
D97/122,APR97,FORTH,Pelagic,,40E8,27,4,1997,6,37,,,55,57.44,1,40.13,55,57.32,1,43.37,,,6.62,,55.96,-1.67,55.96,-1.72,55.96,-1.7
D97/159,APR97,FORTH,Pelagic,,41E8,28,4,1997,13,35,,,56,25.04,1,59.55,56,25.02,2,0.08,,,13.58,,56.42,-1.99,56.42,-2,56.42,-2
D97/162,APR97,FORTH,Pelagic,,41E8,28,4,1997,16,17,,,56,24.89,1,31.31,56,24.94,1,33.6,,,16.28,,56.41,-1.52,56.42,-1.56,56.42,-1.54
C05/158,MAY05,FORTH,Demersal,C,41E8,19,5,2005,6,45,31.55,47.37,56,27.53,1,49.04,56,27.4,1,46.97,27036.35,113625.66,6.75,0.53,56.46,-1.82,56.46,-1.78,56.46,-1.8
C05/159,MAY05,FORTH,Demersal,G,41E8,19,5,2005,10,20,30.13,53.45,56,16.88,1,31.9,56,15.89,1,32.84,25384.39,132427.33,10.33,0.5,56.28,-1.53,56.26,-1.55,56.27,-1.54
C05/160,MAY05,FORTH,Demersal,T,41E8,19,5,2005,13,30,32,58.75,56,1.92,1,20.77,56,2.19,1,22.74,26383.14,105054.49,13.5,0.53,56.03,-1.35,56.04,-1.38,56.03,-1.36
C05/161,MAY05,FORTH,Demersal,S,41E8,20,5,2005,5,30,31,60.88,56,2.32,1,41.61,56,2.52,1,39.72,24932.1,99465.15,5.5,0.52,56.04,-1.69,56.04,-1.66,56.04,-1.68
C05/162,MAY05,FORTH,Demersal,P,41E8,20,5,2005,7,45,31.85,62.45,56,7.25,1,31.4,56,7.63,1,29.63,24483.48,93841.03,7.75,0.53,56.12,-1.52,56.13,-1.49,56.12,-1.51
C05/163,MAY05,FORTH,Demersal,K,41E8,20,5,2005,9,55,32,54.1,56,12.66,1,38.97,56,11.76,1,40.43,27506.77,122933.43,9.92,0.53,56.21,-1.65,56.2,-1.67,56.2,-1.66
C05/164,MAY05,FORTH,Demersal,O,41E8,20,5,2005,12,10,31.53,50.73,56,8.2,1,50.92,56,7.18,1,51.54,24305.04,107111.39,12.17,0.53,56.14,-1.85,56.12,-1.86,56.13,-1.85
C05/165,MAY05,FORTH,Demersal,R,41E7,20,5,2005,13,55,31.08,62.58,56,2.58,2,0.13,56,2.33,2,2.14,28436.22,105123.96,13.92,0.52,56.04,-2,56.04,-2.04,56.04,-2.02
C05/166,MAY05,FORTH,Demersal,N,41E7,21,5,2005,5,5,31,57.05,56,7.72,2,9.94,56,8.66,2,8.46,30575.02,125357.58,5.08,0.52,56.13,-2.17,56.14,-2.14,56.14,-2.15
C05/167,MAY05,FORTH,Demersal,J,41E8,21,5,2005,7,15,31,43.72,56,12.46,1,58.73,56,12.49,1,56.76,24836.27,96993.05,7.25,0.52,56.21,-1.98,56.21,-1.95,56.21,-1.96
C05/168,MAY05,FORTH,Demersal,F,41E8,21,5,2005,10,5,31.55,58.47,56,17.64,1,48.1,56,17.55,1,50.12,24583.93,98650.68,10.08,0.53,56.29,-1.8,56.29,-1.84,56.29,-1.82
C05/169,MAY05,FORTH,Demersal,Q,41E7,21,5,2005,14,0,31.67,54.13,56,2.59,2,19.48,56,2.54,2,21.42,25602.79,93010.99,14,0.53,56.04,-2.32,56.04,-2.36,56.04,-2.34
C05/170,MAY05,FORTH,Demersal,M,41E7,22,5,2005,5,15,31.57,44.67,56,7.74,2,32.44,56,7.45,2,30.53,26692.13,102546.89,5.25,0.53,56.13,-2.54,56.12,-2.51,56.13,-2.52
C05/171,MAY05,FORTH,Demersal,I,41E7,22,5,2005,7,30,31.72,51.87,56,11.65,2,20.32,56,12.88,2,20.09,29331.94,108271,7.5,0.53,56.19,-2.34,56.21,-2.33,56.2,-2.34
C05/172,MAY05,FORTH,Demersal,H,41E7,22,5,2005,9,30,31.28,54.12,56,17.43,2,11.86,56,17.57,2,9.91,24792.16,90948.46,9.5,0.52,56.29,-2.2,56.29,-2.17,56.29,-2.18
C05/173,MAY05,FORTH,Demersal,D,41E7,22,5,2005,11,40,30.85,48.23,56,21.84,2,21.51,56,21.14,2,23.63,30169.81,115025.75,11.67,0.51,56.36,-2.36,56.35,-2.39,56.36,-2.38
C05/174,MAY05,FORTH,Demersal,A,41E7,23,5,2005,4,55,31.08,29.4,56,27.55,2,30.87,56,27.71,2,28.81,23359.86,103860.4,4.92,0.52,56.46,-2.51,56.46,-2.48,56.46,-2.5
C05/175,MAY05,FORTH,Demersal,B,41E7,23,5,2005,7,15,31.07,48.57,56,27.56,2,8.78,56,27.83,2,6.78,26490.42,110771.33,7.25,0.52,56.46,-2.15,56.46,-2.11,56.46,-2.13
C05/176,MAY05,FORTH,Demersal,E,41E8,23,5,2005,8,55,31.95,52.08,56,22.46,1,59.7,56,22.46,1,57.78,24029.05,94915.54,8.92,0.53,56.37,-2,56.37,-1.96,56.37,-1.98
C05/177,MAY05,FORTH,Pelagic,,41E7,25,5,2005,10,5,20,48,56,27.56,2,7.74,56,27.53,2,9.48,,,10.08,0.33,56.46,-2.13,56.46,-2.16,56.46,-2.14
C05/178,MAY05,FORTH,Pelagic,,41E8,26,5,2005,10,7,15,,56,17.59,1,32.81,56,17.62,1,34.06,,,10.12,0.25,56.29,-1.55,56.29,-1.57,56.29,-1.56
C05/179,MAY05,FORTH,Pelagic,,41E7,26,5,2005,13,35,10,,56,17.47,2,17.23,56,17.51,2,16.37,,,13.58,0.17,56.29,-2.29,56.29,-2.27,56.29,-2.28
C05/180,MAY05,FORTH,Pelagic,,41E7,27,5,2005,5,40,30,54,56,12.49,2,8.33,56,12.52,2,10.45,,,5.67,0.5,56.21,-2.14,56.21,-2.17,56.21,-2.16
C06/236,JUN06,FORTH,Demersal,M,41E7,22,6,2006,7,25,31.4,44.72,56,7.81,2,32.7,56,7.45,2,30.65,28385.63,87768.09,7.42,0.52,56.13,-2.54,56.12,-2.51,56.13,-2.53
C06/237,JUN06,FORTH,Demersal,Q,41E7,22,6,2006,9,35,31.7,54.07,56,2.54,2,21.1,56,2.56,2,18.74,30354.23,100353.1,9.58,0.53,56.04,-2.35,56.04,-2.31,56.04,-2.33
C06/238,JUN06,FORTH,Demersal,N,41E7,22,6,2006,11,45,31.2,62.55,56,6.95,2,10.6,56,7.99,2,9.6,27699.69,94372.42,11.75,0.52,56.12,-2.18,56.13,-2.16,56.12,-2.17
C06/239,JUN06,FORTH,Demersal,R,41E7,22,6,2006,13,45,31.5,62.57,56,2.53,1,59.77,56,2.44,2,1.78,26739.31,92041.16,13.75,0.52,56.04,-2,56.04,-2.03,56.04,-2.01
C06/240,JUN06,FORTH,Demersal,S,41E8,23,6,2006,5,55,30.9,59.65,56,2.25,1,42.2,56,2.43,1,40.09,27146.81,95326.06,5.92,0.52,56.04,-1.7,56.04,-1.67,56.04,-1.69
C06/241,JUN06,FORTH,Demersal,T,41E8,23,6,2006,8,5,31.25,57.28,56,2.49,1,23.13,56,2.01,1,21.28,27424.96,93688.93,8.08,0.52,56.04,-1.39,56.03,-1.35,56.04,-1.37
C06/242,JUN06,FORTH,Demersal,P,41E8,23,6,2006,10,15,31.65,64.57,56,7.46,1,28.77,56,7.24,1,30.96,28074.46,99035.42,10.25,0.53,56.12,-1.48,56.12,-1.52,56.12,-1.5
C06/243,JUN06,FORTH,Demersal,K,41E8,23,6,2006,12,35,30.9,55.07,56,12.67,1,38.62,56,11.81,1,40.37,29243.09,102541.27,12.58,0.52,56.21,-1.64,56.2,-1.67,56.2,-1.66
C06/244,JUN06,FORTH,Demersal,O,41E8,24,6,2006,5,55,31.9,49.2,56,7.33,1,51.42,56,8.6,1,50.9,28043.15,102558.34,5.92,0.53,56.12,-1.86,56.14,-1.85,56.13,-1.85
C06/245,JUN06,FORTH,Demersal,F,41E8,24,6,2006,7,50,30.3,55.15,56,17.62,1,49.75,56,17.66,1,47.33,29722.59,96204.53,7.83,0.5,56.29,-1.83,56.29,-1.79,56.29,-1.81
C06/246,JUN06,FORTH,Demersal,G,41E8,24,6,2006,9,40,30.7,51.25,56,15.9,1,33.16,56,16.83,1,31.82,26277.08,82377.57,9.67,0.51,56.26,-1.55,56.28,-1.53,56.27,-1.54
C06/247,JUN06,FORTH,Demersal,C,41E8,24,6,2006,12,30,31.15,50.55,56,27.28,1,46.01,56,27.22,1,48.14,22618.28,81271.39,12.5,0.52,56.45,-1.77,56.45,-1.8,56.45,-1.78
C06/248,JUN06,FORTH,Demersal,A,41E7,25,6,2006,5,15,31.4,29.42,56,27.58,2,31.19,56,27.62,2,28.97,22048.84,88882.88,5.25,0.52,56.46,-2.52,56.46,-2.48,56.46,-2.5
C06/249,JUN06,FORTH,Demersal,B,41E7,25,6,2006,7,25,31.5,48.67,56,27.59,2,9.41,56,27.74,2,7.32,24767.44,88784.63,7.42,0.52,56.46,-2.16,56.46,-2.12,56.46,-2.14
C06/250,JUN06,FORTH,Demersal,E,41E8,25,6,2006,10,20,31.3,52.05,56,22.51,1,57.75,56,22.49,1,59.86,26425.24,98591.46,10.33,0.52,56.38,-1.96,56.37,-2,56.38,-1.98
C06/251,JUN06,FORTH,Demersal,D,41E7,25,6,2006,12,30,31.3,47.78,56,21.84,2,21,56,21.42,2,23.02,26687.71,96763.58,12.5,0.52,56.36,-2.35,56.36,-2.38,56.36,-2.37
C06/252,JUN06,FORTH,Demersal,I,41E7,26,6,2006,5,5,30.75,53.6,56,11.73,2,20.31,56,12.82,2,20.02,25377.54,92913.76,5.08,0.51,56.2,-2.34,56.21,-2.33,56.2,-2.34
C06/253,JUN06,FORTH,Demersal,J,41E8,26,6,2006,8,25,31.25,42.62,56,12.48,1,59.41,56,12.53,1,57.57,21252.06,129985.93,8.42,0.52,56.21,-1.99,56.21,-1.96,56.21,-1.97
C06/254,JUN06,FORTH,Demersal,H,41E7,26,6,2006,12,30,31.5,55.18,56,17.7,2,9.01,56,17.49,2,11.08,24641.09,88997.46,12.5,0.52,56.3,-2.15,56.29,-2.18,56.29,-2.17
C06/230,JUN06,FORTH,Pelagic,,41E7,17,6,2006,6,40,30,49,56,12.45,2,0.3,56,12.66,2,2.13,,,6.67,0.5,56.21,-2,56.21,-2.04,56.21,-2.02
C06/231,JUN06,FORTH,Pelagic,,41E8,17,6,2006,8,15,30,53,56,12.5,1,51.38,56,12.5,1,53.25,,,8.25,0.5,56.21,-1.86,56.21,-1.89,56.21,-1.87
C06/232,JUN06,FORTH,Pelagic,,41E8,18,6,2006,9,28,30,50,56,17.55,1,30.11,56,17.63,1,27.88,,,9.47,0.5,56.29,-1.5,56.29,-1.46,56.29,-1.48
C06/233,JUN06,FORTH,Pelagic,,41E8,19,6,2006,6,48,15,50,56,22.44,1,55.4,56,22.48,1,56.59,,,6.8,0.25,56.37,-1.92,56.37,-1.94,56.37,-1.93
C06/234,JUN06,FORTH,Pelagic,,41E8,19,6,2006,10,16,17,56,56,27.46,1,45.1,56,27.46,1,43.74,,,10.27,0.28,56.46,-1.75,56.46,-1.73,56.46,-1.74
C06/235,JUN06,FORTH,Pelagic,,41E7,19,6,2006,13,11,16,50,56,27.59,2,19.28,56,27.52,2,18.13,,,13.18,0.27,56.46,-2.32,56.46,-2.3,56.46,-2.31
C07/007,JUN07,FORTH,Demersal,B,,8,6,2007,5,45,32.25,52.18,56,27.37,2,10.22,56,27.65,2,8.24,24799.56,96754.03,5.75,0.54,56.46,-2.17,56.46,-2.14,56.46,-2.15
C07/008,JUN07,FORTH,Demersal,C,,10,6,2007,6,15,31.49,47.77,56,27.34,1,49.84,56,27.31,1,47.64,26667.18,103694.19,6.25,0.52,56.46,-1.83,56.46,-1.79,56.46,-1.81
C07/009,JUN07,FORTH,Demersal,F,,10,6,2007,8,20,32.58,56.77,56,17.61,1,46.79,56,17.63,1,49,26934.29,100828.15,8.33,0.54,56.29,-1.78,56.29,-1.82,56.29,-1.8
C07/010,JUN07,FORTH,Demersal,O,,10,6,2007,10,15,30.51,51.38,56,8.71,1,51.04,56,7.6,1,51.02,24904.5,102674.87,10.25,0.51,56.15,-1.85,56.13,-1.85,56.14,-1.85
C07/011,JUN07,FORTH,Demersal,R,,10,6,2007,12,5,32,60.28,56,2.62,1,59.33,56,2.52,2,1.27,23840.26,80144.33,12.08,0.53,56.04,-1.99,56.04,-2.02,56.04,-2
C07/012,JUN07,FORTH,Demersal,S,,11,6,2007,5,5,31.08,60.5,56,2.19,1,41.99,56,2.37,1,39.82,27919.13,95169.8,5.08,0.52,56.04,-1.7,56.04,-1.66,56.04,-1.68
C07/013,JUN07,FORTH,Demersal,T,,11,6,2007,7,15,32.25,59.27,56,2.5,1,23.56,56,2.05,1,21.61,23565.35,73318.28,7.25,0.54,56.04,-1.39,56.03,-1.36,56.04,-1.38
C07/014,JUN07,FORTH,Demersal,P,,11,6,2007,9,25,31.25,65.12,56,7.5,1,29.03,56,7.3,1,31.14,24757.17,85801.49,9.42,0.52,56.12,-1.48,56.12,-1.52,56.12,-1.5
C07/015,JUN07,FORTH,Demersal,G,,11,6,2007,11,30,31.38,53.55,56,15.55,1,33.14,56,16.67,1,32.13,27138.01,93963.01,11.5,0.52,56.26,-1.55,56.28,-1.54,56.27,-1.54
C07/016,JUN07,FORTH,Demersal,K,,11,6,2007,13,0,32.88,52.63,56,13.2,1,38.16,56,12.27,1,39.56,23896.91,86768.94,13,0.55,56.22,-1.64,56.2,-1.66,56.21,-1.65
C07/017,JUN07,FORTH,Demersal,M,,12,6,2007,3,55,32.5,44.13,56,7.65,2,32.71,56,7.4,2,30.54,27709.37,97158.08,3.92,0.54,56.13,-2.55,56.12,-2.51,56.13,-2.53
C07/018,JUN07,FORTH,Demersal,Q,,12,6,2007,5,45,32.05,51.5,56,2.6,2,21.79,56,2.56,2,19.67,27487.65,97804.88,5.75,0.53,56.04,-2.36,56.04,-2.33,56.04,-2.35
C07/019,JUN07,FORTH,Demersal,N,,12,6,2007,7,35,33.02,60.65,56,6.96,2,10.83,56,7.91,2,9.54,28345.08,105281.78,7.58,0.55,56.12,-2.18,56.13,-2.16,56.12,-2.17
C07/020,JUN07,FORTH,Demersal,J,,12,6,2007,9,30,32.15,45.78,56,12.43,1,59.52,56,12.45,1,57.32,26483.4,99272.15,9.5,0.54,56.21,-1.99,56.21,-1.96,56.21,-1.97
C07/021,JUN07,FORTH,Demersal,H,,12,6,2007,11,30,30.6,56.83,56,17.74,2,8.92,56,17.51,2,11.05,26960.7,100566.54,11.5,0.51,56.3,-2.15,56.29,-2.18,56.29,-2.17
C07/022,JUN07,FORTH,Demersal,I,,12,6,2007,13,15,31,53.67,56,13.24,2,19.93,56,11.93,2,20.18,29284.47,111976.27,13.25,0.52,56.22,-2.33,56.2,-2.34,56.21,-2.33
C07/023,JUN07,FORTH,Demersal,D,,13,6,2007,4,55,31.55,43.9,56,20.99,2,24.3,56,21.77,2,22.44,28533.06,110972.93,4.92,0.53,56.35,-2.4,56.36,-2.37,56.36,-2.39
C07/024,JUN07,FORTH,Demersal,A,,13,6,2007,6,45,32,29.05,56,27.6,2,28.4,56,27.56,2,30.57,23269.72,100544.9,6.75,0.53,56.46,-2.47,56.46,-2.51,56.46,-2.49
C07/025,JUN07,FORTH,Demersal,E,,13,6,2007,9,55,30.5,54.38,56,22.4,2,0.29,56,22.48,1,58.17,25430.54,181406.51,9.92,0.51,56.37,-2,56.37,-1.97,56.37,-1.99
C07/003,JUN07,FORTH,Pelagic,,,2,6,2007,12,15,15,55,56,22.57,2,7.3,56,22.47,2,5.83,,,12.25,0.25,56.38,-2.12,56.37,-2.1,56.38,-2.11
C07/004,JUN07,FORTH,Pelagic,,,3,6,2007,10,0,20,45,56,7.7,2,3.38,56,7.53,2,1.94,,,10,0.33,56.13,-2.06,56.13,-2.03,56.13,-2.04
C07/005,JUN07,FORTH,Pelagic,,,4,6,2007,5,50,25,50,56,12.49,2,12.54,56,12.51,2,14.31,,,5.83,0.42,56.21,-2.21,56.21,-2.24,56.21,-2.22
C07/006,JUN07,FORTH,Pelagic,,,5,6,2007,11,50,35,45,56,17.5,2,26.75,56,17.48,2,24.38,,,11.83,0.58,56.29,-2.45,56.29,-2.41,56.29,-2.43
A08/003,JUN08,FORTH,Demersal,C,,18,6,2008,4,56,32,48.4,56,27.55,1,48.94,56,27.48,1,46.58,30277.33,99373.05,4.93,0.53,56.46,-1.82,56.46,-1.78,56.46,-1.8
A08/004,JUN08,FORTH,Demersal,G,,18,6,2008,9,10,31.45,50.53,56,17.1,1,31.81,56,15.93,1,32.69,37155.91,120279.61,9.17,0.52,56.29,-1.53,56.27,-1.54,56.28,-1.54
A08/005,JUN08,FORTH,Demersal,P,,18,6,2008,12,0,32.75,65.27,56,7.75,1,29.81,56,7.01,1,32.01,34066.08,108019.39,12,0.55,56.13,-1.5,56.12,-1.53,56.12,-1.52
A08/006,JUN08,FORTH,Demersal,T,,19,6,2008,3,38,32,57.05,56,1.79,1,20.21,56,2.16,1,22.13,26563.46,84864.69,3.63,0.53,56.03,-1.34,56.04,-1.37,56.03,-1.35
A08/007,JUN08,FORTH,Demersal,S,,19,6,2008,6,3,32,63.08,56,2.46,1,38.32,56,2.44,1,40.64,30118.55,93453.92,6.05,0.53,56.04,-1.64,56.04,-1.68,56.04,-1.66
A08/008,JUN08,FORTH,Demersal,K,,19,6,2008,8,19,32,50.15,56,12.11,1,40.16,56,13.11,1,38.26,34509.76,98649.29,8.32,0.53,56.2,-1.67,56.22,-1.64,56.21,-1.65
A08/009,JUN08,FORTH,Demersal,A,,20,6,2008,4,35,31.8,31.72,56,27.5,2,31.12,56,27.62,2,28.28,31693.41,105804.97,4.58,0.53,56.46,-2.52,56.46,-2.47,56.46,-2.49
A08/010,JUN08,FORTH,Demersal,B,,20,6,2008,6,48,31.45,49.05,56,27.62,2,9.56,56,27.84,2,7.04,32145.27,98778.26,6.8,0.52,56.46,-2.16,56.46,-2.12,56.46,-2.14
A08/011,JUN08,FORTH,Demersal,E,,20,6,2008,9,8,31.1,50.03,56,22.56,1,59.7,56,22.56,1,57.17,32802.51,92284.91,9.13,0.52,56.38,-1.99,56.38,-1.95,56.38,-1.97
A08/012,JUN08,FORTH,Demersal,F,,20,6,2008,11,15,31.85,55.52,56,17.68,1,49.46,56,17.6,1,47.59,23267.42,83242.54,11.25,0.53,56.29,-1.82,56.29,-1.79,56.29,-1.81
A08/013,JUN08,FORTH,Demersal,J,,20,6,2008,13,44,33.4,46.78,56,12.32,1,58.69,56,12.37,1,56.18,31617.48,93871.17,13.73,0.56,56.21,-1.98,56.21,-1.94,56.21,-1.96
A08/014,JUN08,FORTH,Demersal,O,,21,6,2008,3,35,31.6,50.93,56,8.62,1,50.91,56,7.26,1,51.18,31404.41,99693.73,3.58,0.53,56.14,-1.85,56.12,-1.85,56.13,-1.85
A08/015,JUN08,FORTH,Demersal,R,,21,6,2008,6,11,32.3,61.45,56,2.5,1,59.51,56,2.49,2,1.93,30746.34,92711.88,6.18,0.54,56.04,-1.99,56.04,-2.03,56.04,-2.01
A08/016,JUN08,FORTH,Demersal,N,,21,6,2008,8,16,31.85,58.15,56,7.19,2,10.58,56,8.45,2,9.11,39521.05,118497.39,8.27,0.53,56.12,-2.18,56.14,-2.15,56.13,-2.16
A08/017,JUN08,FORTH,Demersal,H,,21,6,2008,10,30,33.5,56.83,56,17.47,2,11.6,56,17.79,2,9.21,30669.3,114379.27,10.5,0.56,56.29,-2.19,56.3,-2.15,56.29,-2.17
A08/018,JUN08,FORTH,Demersal,I,,21,6,2008,13,15,32,52.53,56,13.9,2,19.81,56,12.47,2,20.21,38621.6,123800.29,13.25,0.53,56.23,-2.33,56.21,-2.34,56.22,-2.33
A08/019,JUN08,FORTH,Demersal,M,,22,6,2008,5,52,31.55,46.95,56,7.86,2,32.85,56,7.45,2,30.52,32854.4,104148.33,5.87,0.53,56.13,-2.55,56.12,-2.51,56.13,-2.53
A08/020,JUN08,FORTH,Demersal,Q,,22,6,2008,8,7,32.72,53.07,56,2.54,2,21.3,56,2.67,2,18.75,34910.38,103571.1,8.12,0.55,56.04,-2.36,56.04,-2.31,56.04,-2.33
A08/021,JUN08,FORTH,Demersal,D,,22,6,2008,13,5,32.13,47.04,56,22.09,2,20.97,56,21.58,2,22.76,25010.57,101376.68,13.08,0.54,56.37,-2.35,56.36,-2.38,56.36,-2.36
A08/001,JUN08,FORTH,Pelagic,,,13,6,2008,9,35,45,55.8,56,24.47,1,32.04,56,26.21,1,31.99,,,9.58,0.75,56.41,-1.53,56.44,-1.53,56.42,-1.53
A08/002,JUN08,FORTH,Pelagic,,,16,6,2008,8,47,30,38.9,56,2.7,2,30.67,56,2.69,2,28.73,,,8.78,0.5,56.05,-2.51,56.04,-2.48,56.04,-2.5
A09/006,JUN09,FORTH,Demersal,C,,5,6,2009,4,28,31.75,49.27,56,27.64,1,46.01,56,27.43,1,48.16,28618,103948.11,4.47,0.53,56.46,-1.77,56.46,-1.8,56.46,-1.78
A09/007,JUN09,FORTH,Demersal,G,,5,6,2009,8,45,31.75,51.85,56,16.95,1,31.86,56,15.7,1,32.93,33610.03,121713.45,8.75,0.53,56.28,-1.53,56.26,-1.55,56.27,-1.54
A09/008,JUN09,FORTH,Demersal,B,,6,6,2009,6,42,31.45,50.18,56,27.57,2,10.38,56,27.69,2,8.05,31097.67,111209.85,6.7,0.52,56.46,-2.17,56.46,-2.13,56.46,-2.15
A09/009,JUN09,FORTH,Demersal,E,,6,6,2009,9,36,31.45,53.65,56,22.44,1,58,56,22.39,2,0.45,32945.18,117408.19,9.6,0.52,56.37,-1.97,56.37,-2.01,56.37,-1.99
A09/010,JUN09,FORTH,Demersal,F,,6,6,2009,12,1,32.08,57.68,56,17.54,1,47.3,56,17.61,1,49.65,31384.46,119211.62,12.02,0.53,56.29,-1.79,56.29,-1.83,56.29,-1.81
A09/011,JUN09,FORTH,Demersal,H,,6,6,2009,14,31,22.87,56.2,56,17.73,2,9.08,56,17.59,2,10.73,21872.07,79292.82,14.52,0.38,56.3,-2.15,56.29,-2.18,56.29,-2.17
A09/012,JUN09,FORTH,Demersal,M,,7,6,2009,4,54,3.25,45.12,56,7.82,2,32.89,56,7.41,2,30.65,32516.37,122276.81,4.9,0.05,56.13,-2.55,56.12,-2.51,56.13,-2.53
A09/013,JUN09,FORTH,Demersal,Q,,7,6,2009,7,36,30.93,51.61,56,2.54,2,21.64,56,2.59,2,19.47,30456.16,104113.16,7.6,0.52,56.04,-2.36,56.04,-2.32,56.04,-2.34
A09/014,JUN09,FORTH,Demersal,R,,7,6,2009,11,20,32.67,61.55,56,2.48,2,2.21,56,2.61,1,59.91,30990.43,104595.51,11.33,0.54,56.04,-2.04,56.04,-2,56.04,-2.02
A09/015,JUN09,FORTH,Demersal,N,,7,6,2009,13,53,31.54,61.3,56,8.37,2,8.66,56,7.37,2,10.31,32877.51,115634.37,13.88,0.53,56.14,-2.14,56.12,-2.17,56.13,-2.16
A09/016,JUN09,FORTH,Demersal,I,,8,6,2009,5,31,31.75,52.42,56,12.11,2,20.11,56,13.43,2,19.89,33190.36,115768.2,5.52,0.53,56.2,-2.34,56.22,-2.33,56.21,-2.33
A09/017,JUN09,FORTH,Demersal,J,,8,6,2009,8,12,32.11,50.93,56,12.48,1,59,56,12.45,1,56.72,29856.04,108401.17,8.2,0.54,56.21,-1.98,56.21,-1.95,56.21,-1.96
A09/018,JUN09,FORTH,Demersal,O,,8,6,2009,10,18,31.04,49.04,56,8.81,1,51.17,56,7.56,1,51.14,30660.99,109329.3,10.3,0.52,56.15,-1.85,56.13,-1.85,56.14,-1.85
A09/019,JUN09,FORTH,Demersal,S,,8,6,2009,12,45,31.8,62.77,56,2.25,1,41.71,56,2.41,1,39.41,32151.19,108343.31,12.75,0.53,56.04,-1.7,56.04,-1.66,56.04,-1.68
A09/020,JUN09,FORTH,Demersal,P,,8,6,2009,15,6,32.05,65.67,56,7.16,1,31.38,56,7.58,1,29.09,33107.59,113619.22,15.1,0.53,56.12,-1.52,56.13,-1.48,56.12,-1.5
A09/021,JUN09,FORTH,Demersal,T,,9,6,2009,5,17,32.04,58.12,56,2.36,1,22.9,56,1.85,1,20.6,33797.67,120547.12,5.28,0.53,56.04,-1.38,56.03,-1.34,56.04,-1.36
A09/022,JUN09,FORTH,Demersal,K,,9,6,2009,8,50,31.1,51.91,56,12.87,1,38.67,56,11.96,1,40.26,30096.12,99707.2,8.83,0.52,56.21,-1.64,56.2,-1.67,56.21,-1.66
A09/023,JUN09,FORTH,Demersal,D,,10,6,2009,5,20,30.9,46.3,56,21.04,2,24.15,56,21.88,2,22.32,30280.41,108193.43,5.33,0.52,56.35,-2.4,56.36,-2.37,56.36,-2.39
A09/024,JUN09,FORTH,Demersal,A,,10,6,2009,7,41,30.8,47.04,56,27.61,2,30.92,56,27.68,2,28.52,29241.5,115263.43,7.68,0.51,56.46,-2.52,56.46,-2.48,56.46,-2.5
A09/025,JUN09,FORTH,Pelagic,,,13,6,2009,8,30,32,59.2,56,2.58,1,43.53,56,2.55,1,41.09,,,8.5,0.53,56.04,-1.73,56.04,-1.68,56.04,-1.71
A09/026,JUN09,FORTH,Pelagic,,,14,6,2009,7,50,36,49.5,56,7.32,1,55.98,56,7.37,1,58.26,,,7.83,0.6,56.12,-1.93,56.12,-1.97,56.12,-1.95
A09/027,JUN09,FORTH,Pelagic,,,15,6,2009,11,48,33,55,56,27.54,1,52.49,56,27.53,1,49.81,,,11.8,0.55,56.46,-1.87,56.46,-1.83,56.46,-1.85
A10/001,JUN10,FORTH,Pelagic,,,3,6,2010,7,10,30,48,56,27.46,1,53,56,27.44,1,54.9,,,7.17,0.5,56.46,-1.88,56.46,-1.91,56.46,-1.9
A10/002,JUN10,FORTH,Pelagic,,,3,6,2010,13,20,35,50,56,22.68,1,59.3,56,22.65,1,56.3,,,13.33,0.58,56.38,-1.99,56.38,-1.94,56.38,-1.96
A10/003,JUN10,FORTH,Pelagic,,,4,6,2010,7,45,35,45,56,17.51,1,50.95,56,15.51,1,53.39,,,7.75,0.58,56.29,-1.85,56.26,-1.89,56.28,-1.87
A10/004,JUN10,FORTH,Pelagic,,,4,6,2010,10,25,30,49,56,17.57,1,29.66,56,17.85,1,31.84,,,10.42,0.5,56.29,-1.49,56.3,-1.53,56.3,-1.51
A10/005,JUN10,FORTH,Pelagic,,,5,6,2010,9,15,15,52,56,7.29,1,18.74,56,7.24,1,19.48,,,9.25,0.25,56.12,-1.31,56.12,-1.32,56.12,-1.32
A10/006,JUN10,FORTH,Demersal,C,,5,6,2010,13,34,31.75,48.62,56,27.48,1,48.85,56,27.48,1,46.69,27904.51,87381.3,13.57,0.53,56.46,-1.81,56.46,-1.78,56.46,-1.8
A10/007,JUN10,FORTH,Demersal,G,,9,6,2010,4,55,32.51,50.3,56,17.25,1,31.98,56,16.16,1,32.7,28784.78,83295.83,4.92,0.54,56.29,-1.53,56.27,-1.55,56.28,-1.54
A10/008,JUN10,FORTH,Demersal,B,,9,6,2010,7,58,33.2,56.93,56,17.69,1,47.38,56,17.6,1,49.64,31608.46,95760.38,7.97,0.55,56.29,-1.79,56.29,-1.83,56.29,-1.81
A10/009,JUN10,FORTH,Demersal,E,,9,6,2010,11,30,31.72,46.13,56,12.42,1,57.9,56,12.4,1,59.57,21444.55,82490.97,11.5,0.53,56.21,-1.96,56.21,-1.99,56.21,-1.98
A10/010,JUN10,FORTH,Demersal,F,,10,6,2010,3,56,33.32,45.07,56,7.62,2,32.29,56,7.34,2,30.3,27430.92,96417.98,3.93,0.56,56.13,-2.54,56.12,-2.5,56.12,-2.52
A10/011,JUN10,FORTH,Demersal,H,,10,6,2010,7,20,33.25,51.4,56,2.6,2,21.82,56,2.54,2,20.09,24304.51,78902.96,7.33,0.55,56.04,-2.36,56.04,-2.33,56.04,-2.35
A10/012,JUN10,FORTH,Demersal,M,,10,6,2010,11,5,33.5,63,56,2.39,2,2.39,56,2.47,2,0.45,25283.46,101460.57,11.08,0.56,56.04,-2.04,56.04,-2.01,56.04,-2.02
A10/013,JUN10,FORTH,Demersal,Q,,11,6,2010,5,7,32,52.45,56,12.79,2,20.08,56,14,2,19.82,29616.97,98247.75,5.12,0.53,56.21,-2.33,56.23,-2.33,56.22,-2.33
A10/014,JUN10,FORTH,Demersal,R,,11,6,2010,9,5,31.5,52.85,56,22.54,1,57.94,56,22.44,1,59.97,25856.26,93756.57,9.08,0.52,56.38,-1.97,56.37,-2,56.37,-1.98
A10/015,JUN10,FORTH,Demersal,N,,11,6,2010,11,40,32.5,55.77,56,17.67,2,9.12,56,17.44,2,11.08,26298.02,90667.83,11.67,0.54,56.29,-2.15,56.29,-2.18,56.29,-2.17
A10/016,JUN10,FORTH,Demersal,I,,12,6,2010,5,14,35.32,60.42,56,7.1,2,10.82,56,7.99,2,9.56,27661.13,112387.09,5.23,0.59,56.12,-2.18,56.13,-2.16,56.13,-2.17
A10/017,JUN10,FORTH,Demersal,J,,12,6,2010,8,58,33.08,59.75,56,2.34,1,41.73,56,2.37,1,39.84,26380.24,83002.93,8.97,0.55,56.04,-1.7,56.04,-1.66,56.04,-1.68
A10/018,JUN10,FORTH,Demersal,O,,12,6,2010,11,47,31.95,55.47,56,11.88,1,40.12,56,12.6,1,38.83,24489.68,77765.96,11.78,0.53,56.2,-1.67,56.21,-1.65,56.2,-1.66
A10/019,JUN10,FORTH,Demersal,S,,13,6,2010,3,22,34.68,57.28,56,1.76,1,20.7,56,2.29,1,22.54,29345.62,83659.17,3.37,0.58,56.03,-1.34,56.04,-1.38,56.03,-1.36
A10/020,JUN10,FORTH,Demersal,P,,13,6,2010,5,52,32.94,63.98,56,7.6,1,28.9,56,7.37,1,30.82,27113.58,77721.1,5.87,0.55,56.13,-1.48,56.12,-1.51,56.12,-1.5
A10/021,JUN10,FORTH,Demersal,T,,13,6,2010,9,32,33.15,48.47,56,7.64,1,51.24,56,9,1,51.14,34344.21,94606.7,9.53,0.55,56.13,-1.85,56.15,-1.85,56.14,-1.85
A10/022,JUN10,FORTH,Demersal,K,,14,6,2010,3,48,31.61,31.23,56,27.46,2,31.2,56,27.58,2,29.03,25000.66,77272.43,3.8,0.53,56.46,-2.52,56.46,-2.48,56.46,-2.5
A10/023,JUN10,FORTH,Demersal,D,,14,6,2010,6,3,32.5,46.75,56,21.9,2,21.95,56,21.22,2,23.59,26445.09,66774.2,6.05,0.54,56.36,-2.37,56.35,-2.39,56.36,-2.38
A10/024,JUN10,FORTH,Demersal,A,,14,6,2010,9,25,32.38,49.5,56,27.84,2,7.62,56,27.5,2,9.78,28699.72,73178.36,9.42,0.54,56.46,-2.13,56.46,-2.16,56.46,-2.14
A10/275,NOV10,FORTH,Pelagic,,,23,11,2010,13,57,15,29,56,24.95,2,25.5,56,25.57,2,25.57,,,13.95,0.25,56.42,-2.42,56.43,-2.43,56.42,-2.43
A10/276,NOV10,FORTH,Pelagic,,,24,11,2010,10,40,15,53,56,10.69,2,41.92,56,10.17,2,41.44,,,10.67,0.25,56.18,-2.7,56.17,-2.69,56.17,-2.69
A11/069,MAR11,FORTH,Pelagic,,,14,3,2011,8,20,14,50,56,7.35,2,43.1,56,7.77,2,42.59,,,8.33,0.23,56.12,-2.72,56.13,-2.71,56.13,-2.71
A11/078,MAR11,FORTH,Demersal,C,,19,3,2011,14,5,31.1,55.83,56,27.38,1,48.59,56,27.38,1,46.43,29133.62,87400.86,14.08,0.52,56.46,-1.81,56.46,-1.77,56.46,-1.79
A11/079,MAR11,FORTH,Demersal,G,,19,3,2011,17,25,32,57,56,16.92,1,31.9,56,15.84,1,33.19,30332.63,90997.89,17.42,0.53,56.28,-1.53,56.26,-1.55,56.27,-1.54
A11/080,MAR11,FORTH,Demersal,K,,20,3,2011,6,24,31.58,57.43,56,13.09,1,38.56,56,12.24,1,39.7,24674.79,74024.36,6.4,0.53,56.22,-1.64,56.2,-1.66,56.21,-1.65
A11/081,MAR11,FORTH,Demersal,P,,20,3,2011,9,20,31,67.93,56,7.6,1,29.78,56,7.11,1,32.2,34846.56,104539.66,9.33,0.52,56.13,-1.5,56.12,-1.54,56.12,-1.52
A11/082,MAR11,FORTH,Demersal,T,,20,3,2011,12,15,32.55,65.2,56,1.88,1,20.83,56,2.43,1,23.06,32580.86,97742.57,12.25,0.54,56.03,-1.35,56.04,-1.38,56.04,-1.37
A11/083,MAR11,FORTH,Demersal,S,,20,3,2011,15,45,32,70.6,56,2.42,1,38.56,56,2.3,1,40.84,29898.76,89696.28,15.75,0.53,56.04,-1.64,56.04,-1.68,56.04,-1.66
A11/084,MAR11,FORTH,Demersal,R,,21,3,2011,7,45,32.72,63.67,56,2.48,2,1.41,56,2.69,1,59.17,29933.41,89800.23,7.75,0.55,56.04,-2.02,56.04,-1.99,56.04,-2
A11/085,MAR11,FORTH,Demersal,O,,21,3,2011,10,0,31.85,53.5,56,7.63,1,51.34,56,9.02,1,51.08,35406.54,106219.61,10,0.53,56.13,-1.86,56.15,-1.85,56.14,-1.85
A11/086,MAR11,FORTH,Demersal,J,,21,3,2011,13,45,32.02,52,56,12.37,1,57.08,56,12.5,1,58.01,25910.89,77732.66,13.75,0.53,56.21,-1.95,56.21,-1.97,56.21,-1.96
A11/087,MAR11,FORTH,Demersal,Q,,22,3,2011,7,35,34.97,56.5,56,2.59,2,19.5,56,2.6,2,21.8,28174.5,84523.51,7.58,0.58,56.04,-2.33,56.04,-2.36,56.04,-2.34
A11/088,MAR11,FORTH,Demersal,N,,22,3,2011,10,0,32.52,62.67,56,7.35,2,10.75,56,8.19,2,9.24,28807.54,86422.63,10,0.54,56.12,-2.18,56.14,-2.15,56.13,-2.17
A11/089,MAR11,FORTH,Demersal,F,,22,3,2011,13,25,33.87,61.48,56,17.62,1,49.03,56,17.58,1,46.79,27950.09,83850.28,13.42,0.56,56.29,-1.82,56.29,-1.78,56.29,-1.8
A11/090,MAR11,FORTH,Demersal,E,,23,3,2011,6,20,30.85,57.67,56,22.6,1,57.33,56,22.48,1,59.24,23437.66,70312.97,6.33,0.51,56.38,-1.96,56.37,-1.99,56.38,-1.97
A11/091,MAR11,FORTH,Demersal,B,,23,3,2011,8,55,33.07,53,56,27.94,2,7.19,56,27.63,2,9.22,26400.72,79202.16,8.92,0.55,56.47,-2.12,56.46,-2.15,56.46,-2.14
A11/092,MAR11,FORTH,Demersal,A,,23,3,2011,12,10,33.05,33.83,56,27.59,2,28.58,56,27.5,2,31.08,27532.87,82598.62,12.17,0.55,56.46,-2.48,56.46,-2.52,56.46,-2.5
A11/093,MAR11,FORTH,Demersal,M,,24,3,2011,7,0,32.07,52.33,56,7.38,2,30.39,56,8.01,2,32.24,31470.83,94412.49,7,0.53,56.12,-2.51,56.13,-2.54,56.13,-2.52
A11/094,MAR11,FORTH,Demersal,I,,24,3,2011,10,20,34.19,55.33,56,12.45,2,20.14,56,13.62,2,20.11,24290.35,72871.06,10.33,0.57,56.21,-2.34,56.23,-2.34,56.22,-2.34
A11/095,MAR11,FORTH,Demersal,H,,24,3,2011,12,45,32.08,58.5,56,17.5,2,11.54,56,17.73,2,9.49,25787.98,77363.95,12.75,0.53,56.29,-2.19,56.3,-2.16,56.29,-2.18
A11/096,MAR11,FORTH,Demersal,D,,25,3,2011,7,35,33.83,52,56,21.02,2,23.8,56,21.96,2,21.75,33408.26,100224.78,7.58,0.56,56.35,-2.4,56.37,-2.36,56.36,-2.38
A11/185,JUN11,FORTH,Demersal,M,,3,6,2011,8,33,31.55,48.25,56,7.91,2,32.83,56,7.46,2,30.74,27907.19,87233.1,8.55,0.53,56.13,-2.55,56.12,-2.51,56.13,-2.53
A11/186,JUN11,FORTH,Demersal,N,,3,6,2011,11,18,31.15,57.5,56,7.19,2,11.01,56,7.93,2,9.24,27289.65,84756.52,11.3,0.52,56.12,-2.18,56.13,-2.15,56.13,-2.17
A11/187,JUN11,FORTH,Demersal,O,,3,6,2011,13,9,32.11,56.5,56,7.23,1,51.59,56,8.25,1,50.69,25914.64,83437.72,13.15,0.54,56.12,-1.86,56.14,-1.84,56.13,-1.85
A11/188,JUN11,FORTH,Demersal,P,,4,6,2011,3,38,32.09,72.17,56,6.96,1,31.85,56,7.38,1,29.79,27832.65,92152.97,3.63,0.53,56.12,-1.53,56.12,-1.5,56.12,-1.51
A11/189,JUN11,FORTH,Demersal,T,,4,6,2011,6,33,32.19,62.33,56,1.71,1,20.07,56,2.17,1,22.14,30148.29,89712.28,6.55,0.54,56.03,-1.33,56.04,-1.37,56.03,-1.35
A11/190,JUN11,FORTH,Demersal,S,,4,6,2011,9,2,31.23,59.67,56,2.57,1,38.48,56,2.35,1,40.7,29467.94,90106.9,9.03,0.52,56.04,-1.64,56.04,-1.68,56.04,-1.66
A11/191,JUN11,FORTH,Demersal,Q,,5,6,2011,4,28,31.55,52.53,56,2.47,2,21.66,56,2.57,2,19.32,31178.4,100038.87,4.47,0.53,56.04,-2.36,56.04,-2.32,56.04,-2.34
A11/192,JUN11,FORTH,Demersal,R,,5,6,2011,6,37,32.17,60.45,56,2.34,2,2.48,56,2.57,2,0.1,31660.49,98666.3,6.62,0.54,56.04,-2.04,56.04,-2,56.04,-2.02
A11/193,JUN11,FORTH,Demersal,K,,5,6,2011,10,47,32.16,49.02,56,12.98,1,38.73,56,12.01,1,40.17,27591.9,86631.53,10.78,0.54,56.22,-1.65,56.2,-1.67,56.21,-1.66
A11/194,JUN11,FORTH,Demersal,G,,5,6,2011,13,9,31.48,50.32,56,15.63,1,33.19,56,16.68,1,32.04,27082.36,85185.2,13.15,0.52,56.26,-1.55,56.28,-1.53,56.27,-1.54
A11/195,JUN11,FORTH,Demersal,C,,6,6,2011,4,16,32.13,55.23,56,27.38,1,46.57,56,27.47,1,48.79,28535.98,87846.03,4.27,0.54,56.46,-1.78,56.46,-1.81,56.46,-1.79
A11/196,JUN11,FORTH,Demersal,E,,6,6,2011,6,55,31.47,59.13,56,22.45,2,0.05,56,22.54,1,58.14,23942.85,74994.48,6.92,0.52,56.37,-2,56.38,-1.97,56.37,-1.98
A11/197,JUN11,FORTH,Demersal,F,,6,6,2011,10,26,31.55,60.53,56,17.69,1,47.08,56,17.64,1,49.4,28996.65,86684.44,10.43,0.53,56.29,-1.78,56.29,-1.82,56.29,-1.8
A11/198,JUN11,FORTH,Demersal,J,,6,6,2011,13,9,32.11,49.98,56,12.44,1,59.45,56,12.42,1,57.15,26890.57,86339.62,13.15,0.54,56.21,-1.99,56.21,-1.95,56.21,-1.97
A11/199,JUN11,FORTH,Demersal,I,,7,6,2011,4,34,32.44,50.5,56,13.59,2,19.92,56,12.24,2,20.11,30493.68,92756.85,4.57,0.54,56.23,-2.33,56.2,-2.34,56.22,-2.33
A11/200,JUN11,FORTH,Demersal,H,,7,6,2011,8,39,31.37,59.42,56,17.39,2,12.17,56,17.66,2,9.86,29084.8,91387.88,8.65,0.52,56.29,-2.2,56.29,-2.16,56.29,-2.18
A11/201,JUN11,FORTH,Demersal,D,,7,6,2011,11,14,32.05,51.63,56,22.13,2,21.18,56,21.52,2,23.07,25975.54,77926.63,11.23,0.53,56.37,-2.35,56.36,-2.38,56.36,-2.37
A11/202,JUN11,FORTH,Demersal,A,,8,6,2011,4,40,31.43,36.97,56,27.48,2,31.32,56,27.58,2,29.08,27478.34,82435.02,4.67,0.52,56.46,-2.52,56.46,-2.48,56.46,-2.5
A11/203,JUN11,FORTH,Demersal,B,,8,6,2011,7,32,32.28,56.68,56,27.43,2,9.74,56,27.8,2,7.3,31035.89,91515.49,7.53,0.54,56.46,-2.16,56.46,-2.12,56.46,-2.14
A12/312,AUG12,FORTH,Pelagic,,,14,8,2012,13,51,38,60,56,2.46,1,42.47,56,2.49,1,44.98,,,13.85,0.63,56.04,-1.71,56.04,-1.75,56.04,-1.73
A12/313,AUG12,FORTH,Demersal,B,41E7b,20,8,2012,7,15,32.25,52.17,56,27.51,2,10.01,56,27.8,2,7.63,28618.28,85854.84,7.25,0.54,56.46,-2.17,56.46,-2.13,56.46,-2.15
A12/314,AUG12,FORTH,Demersal,C,41E7a,20,8,2012,9,45,31.58,50.13,56,27.64,1,49.29,56,27.41,1,46.92,27912.73,83738.18,9.75,0.53,56.46,-1.82,56.46,-1.78,56.46,-1.8
A12/315,AUG12,FORTH,Demersal,G,41E7a,20,8,2012,13,44,32.5,57.03,56,16.84,1,31.91,56,15.65,1,32.98,29802.62,89407.86,13.73,0.54,56.28,-1.53,56.26,-1.55,56.27,-1.54
A12/316,AUG12,FORTH,Demersal,T,41E8d,21,8,2012,5,6,32.29,62.42,56,1.71,1,20.35,56,2.24,1,22.38,27619.72,82859.15,5.1,0.54,56.03,-1.34,56.04,-1.37,56.03,-1.36
A12/317,AUG12,FORTH,Demersal,P,41E8d,21,8,2012,7,45,32.32,66.6,56,7.62,1,29,56,7.27,1,31.2,28302.16,87058.01,7.75,0.54,56.13,-1.48,56.12,-1.52,56.12,-1.5
A12/318,AUG12,FORTH,Demersal,S,41E8c,21,8,2012,11,7,32.55,63.65,56,2.64,1,38.96,56,2.3,1,41.34,32694.13,98082.39,11.12,0.54,56.04,-1.65,56.04,-1.69,56.04,-1.67
A12/319,AUG12,FORTH,Demersal,R,41E8c,21,8,2012,13,25,33.23,65.7,56,2.58,1,59.58,56,2.4,2,2,32671.86,98282.62,13.42,0.55,56.04,-1.99,56.04,-2.03,56.04,-2.01
A12/320,AUG12,FORTH,Demersal,O,41E8c,22,8,2012,7,6,32,53.88,56,7.16,1,51.54,56,8.34,1,50.82,30614.75,95656.96,7.1,0.53,56.12,-1.86,56.14,-1.85,56.13,-1.85
A12/321,AUG12,FORTH,Demersal,J,41E8c,22,8,2012,9,22,32.19,46.77,56,12.41,1,56.83,56,12.48,1,59.09,28610.8,90096.2,9.37,0.54,56.21,-1.95,56.21,-1.98,56.21,-1.97
A12/322,AUG12,FORTH,Demersal,N,41E7d,22,8,2012,13,6,33,61.83,56,8.5,2,8.71,56,7.49,2,10.34,32247.04,96741.11,13.1,0.55,56.14,-2.15,56.12,-2.17,56.13,-2.16
A12/323,AUG12,FORTH,Demersal,Q,41E7d,23,8,2012,5,23,32,58.62,56,2.52,2,21.67,56,2.58,2,19.19,31752.66,96838.01,5.38,0.53,56.04,-2.36,56.04,-2.32,56.04,-2.34
A12/324,AUG12,FORTH,Demersal,M,41E7d,23,8,2012,9,0,32,48.23,56,7.91,2,33.04,56,7.44,2,30.74,31309.44,95225.79,9,0.53,56.13,-2.55,56.12,-2.51,56.13,-2.53
A12/325,AUG12,FORTH,Demersal,I,41E7d,23,8,2012,12,41,32,57.67,56,11.71,2,20.2,56,12.95,2,19.94,29015.16,87045.48,12.68,0.53,56.2,-2.34,56.22,-2.33,56.21,-2.33
A12/326,AUG12,FORTH,Demersal,H,41E7b,23,8,2012,6,39,32,58.95,56,17.24,2,12.25,56,17.63,2,9.82,30196.47,100895.57,6.65,0.53,56.29,-2.2,56.29,-2.16,56.29,-2.18
A12/327,AUG12,FORTH,Demersal,F,41E8a,23,8,2012,10,7,32.5,60.05,56,17.61,1,49.72,56,17.62,1,47.31,30117.02,95217.11,10.12,0.54,56.29,-1.83,56.29,-1.79,56.29,-1.81
A12/328,AUG12,FORTH,Demersal,K,41E8c,23,8,2012,11,56,32,54.92,56,12.04,1,40.05,56,13.04,1,38.32,28383.91,86676.01,11.93,0.53,56.2,-1.67,56.22,-1.64,56.21,-1.65
A12/329,AUG12,FORTH,Demersal,E,41E7b,30,8,2012,8,13,32.15,55.28,56,22.37,2,0.51,56,22.49,1,58.16,29319.3,87957.88,8.22,0.54,56.37,-2.01,56.37,-1.97,56.37,-1.99
A12/330,AUG12,FORTH,Demersal,D,41E7b,30,8,2012,11,29,32.66,51.8,56,22.03,2,20.92,56,21.44,2,23.23,30938.94,92816.82,11.48,0.54,56.37,-2.35,56.36,-2.39,56.36,-2.37
A12/331,AUG12,FORTH,Demersal,A,41E7a,30,8,2012,14,2,31.8,36.54,56,27.51,2,27.97,56,27.64,2,30.42,26449.54,79348.6,14.03,0.53,56.46,-2.47,56.46,-2.51,56.46,-2.49
A13/157,MAY13,FORTH,Pelagic,,41E7d,1,5,2013,11,27,19,56,56,0.25,2,8.19,56,2.54,2,6.6,,,11.45,0.32,56,-2.14,56.04,-2.11,56.02,-2.12
A13/158,MAY13,FORTH,Demersal,B,41E7b,6,5,2013,13,21,33,56.5,56,27.56,2,9.46,56,27.82,2,7.51,26225.21,93850.37,13.35,0.55,56.46,-2.16,56.46,-2.13,56.46,-2.14
A13/159,MAY13,FORTH,Demersal,C,41E7b,6,5,2013,15,34,30,53.17,56,27.51,1,48.41,56,27.56,1,46.3,28346.3,81931.96,15.57,0.5,56.46,-1.81,56.46,-1.77,56.46,-1.79
A13/160,MAY13,FORTH,Demersal,E,41E8a,7,5,2013,5,27,34,57.48,56,22.53,1,59.99,56,22.51,1,57.82,27087.58,81262.73,5.45,0.57,56.38,-2,56.38,-1.96,56.38,-1.98
A13/161,MAY13,FORTH,Demersal,F,41E8a,7,5,2013,7,37,34,60.42,56,17.64,1,49.26,56,17.65,1,47.2,25905.73,72102.96,7.62,0.57,56.29,-1.82,56.29,-1.79,56.29,-1.8
A13/162,MAY13,FORTH,Demersal,G,41E8a,7,5,2013,12,12,33,60.08,56,16.38,1,32.26,56,15.54,1,33.07,19067.72,57203.15,12.2,0.55,56.27,-1.54,56.26,-1.55,56.27,-1.54
A13/163,MAY13,FORTH,Demersal,K,41E8c,7,5,2013,14,38,32,60,56,12.93,1,38.51,56,12.15,1,39.76,21653.62,64960.86,14.63,0.53,56.22,-1.64,56.2,-1.66,56.21,-1.65
A13/164,MAY13,FORTH,Demersal,O,41E8c,8,5,2013,6,12,32,54.5,56,8.51,1,51.06,56,7.5,1,51.29,24050.65,72151.95,6.2,0.53,56.14,-1.85,56.12,-1.85,56.13,-1.85
A13/165,MAY13,FORTH,Demersal,P,41E8d,8,5,2013,8,49,33,62.93,56,7.25,1,31.17,56,7.42,1,30.17,28821.09,76984.28,8.82,0.55,56.12,-1.52,56.12,-1.5,56.12,-1.51
A13/166,MAY13,FORTH,Demersal,T,41E8d,8,5,2013,11,7,34,64.58,56,2.4,1,23.04,56,1.93,1,21.22,26922.51,75343.65,11.12,0.57,56.04,-1.38,56.03,-1.35,56.04,-1.37
A13/167,MAY13,FORTH,Demersal,S,41E8c,8,5,2013,13,17,33,70.33,56,2.41,1,38.95,56,2.32,1,41,26688.56,72825.32,13.28,0.55,56.04,-1.65,56.04,-1.68,56.04,-1.67
A13/168,MAY13,FORTH,Demersal,R,41E7d,9,5,2013,6,38,34,64.67,56,2.51,2,2.1,56,2.58,1,59.94,28511.81,75121.95,6.63,0.57,56.04,-2.04,56.04,-2,56.04,-2.02
A13/169,MAY13,FORTH,Demersal,Q,41E7d,9,5,2013,9,51,32,53.67,56,2.62,2,19.35,56,2.54,2,21.54,30059.98,86604.91,9.85,0.53,56.04,-2.32,56.04,-2.36,56.04,-2.34
A13/170,MAY13,FORTH,Demersal,M,41E7d,9,5,2013,13,41,34,54.25,56,7.33,2,30.32,56,7.68,2,32.28,26492.67,73658.81,13.68,0.57,56.12,-2.51,56.13,-2.54,56.13,-2.52
A13/171,MAY13,FORTH,Demersal,I,41E7d,10,5,2013,6,44,32,53.08,56,13.6,2,19.95,56,12.48,2,20.09,24693.95,74081.85,6.73,0.53,56.23,-2.33,56.21,-2.33,56.22,-2.33
A13/172,MAY13,FORTH,Demersal,J,41E7c,10,5,2013,11,1,32,51.17,56,12.4,1,58.69,56,12.35,1,56.6,26694.22,80082.65,11.02,0.53,56.21,-1.98,56.21,-1.94,56.21,-1.96
A13/173,MAY13,FORTH,Demersal,N,41E7d,10,5,2013,13,52,33,62.73,56,7.13,2,10.78,56,8.1,2,9.24,31037.56,93112.66,13.87,0.55,56.12,-2.18,56.14,-2.15,56.13,-2.17
A13/174,MAY13,FORTH,Demersal,H,41E7b,11,5,2013,7,32,34,59.67,56,17.59,2,11.28,56,17.79,2,9.05,28018.7,78595.1,7.53,0.57,56.29,-2.19,56.3,-2.15,56.29,-2.17
A13/175,MAY13,FORTH,Demersal,D,41E7b,11,5,2013,11,17,33,51.33,56,21.92,2,21.77,56,21.21,2,23.64,27264.76,81794.3,11.28,0.55,56.37,-2.36,56.35,-2.39,56.36,-2.38
A13/176,MAY13,FORTH,Demersal,A,41E7b,11,5,2013,15,1,32,38.75,56,27.42,2,30.58,56,27.56,2,28.45,23421.16,70263.48,15.02,0.53,56.46,-2.51,56.46,-2.47,56.46,-2.49
A13/177,JUN13,FORTH,Pelagic,,41E7a,14,6,2013,12,10,20,35,56,22.74,2,30.39,56,22.85,2,31.88,,,12.17,0.33,56.38,-2.51,56.38,-2.53,56.38,-2.52
A13/178,JUN13,FORTH,Pelagic,,41E8d,16,6,2013,8,5,23,54,56,7.1,1,23.82,56,7.05,2,25.51,,,8.08,0.38,56.12,-1.4,56.12,-2.43,56.12,-1.91
A13/187,JUN13,FORTH,Demersal,A,41E7a,24,6,2013,12,51,32,36.67,56,27.35,2,31.02,56,27.49,2,29.04,22853.34,73745.32,12.85,0.53,56.46,-2.52,56.46,-2.48,56.46,-2.5
A13/188,JUN13,FORTH,Demersal,B,41E7b,25,6,2013,7,9,32,52,56,27.58,2,9.83,56,27.76,2,7.85,25028.71,84554.97,7.15,0.53,56.46,-2.16,56.46,-2.13,56.46,-2.15
A13/189,JUN13,FORTH,Demersal,C,41E8a,25,6,2013,9,36,32,49.63,56,27.64,1,49.85,56,27.6,1,47.74,26620.05,71587.77,9.6,0.53,56.46,-1.83,56.46,-1.8,56.46,-1.81
A13/190,JUN13,FORTH,Demersal,E,41E8a,25,6,2013,14,10,34,59.42,56,22.53,1,57.55,56,22.35,1,59.46,26742.29,87991.91,14.17,0.57,56.38,-1.96,56.37,-1.99,56.37,-1.98
A13/191,JUN13,FORTH,Demersal,F,41E8a,26,6,2013,5,20,33,62.75,56,17.62,1,49.5,56,17.61,1,47.32,29460.45,85228.18,5.33,0.55,56.29,-1.82,56.29,-1.79,56.29,-1.81
A13/192,JUN13,FORTH,Demersal,G,41E8a,26,6,2013,8,29,34,55,56,17.02,1,31.39,56,16.03,1,32.69,28837.08,83369.32,8.48,0.57,56.28,-1.52,56.27,-1.54,56.28,-1.53
A13/193,JUN13,FORTH,Demersal,K,41E8c,26,6,2013,12,56,34,57.17,56,12.09,1,39.95,56,12.87,1,38.44,25657.24,78465.17,12.93,0.57,56.2,-1.67,56.21,-1.64,56.21,-1.65
A13/194,JUN13,FORTH,Demersal,T,41E8d,27,6,2013,6,2,33,65.02,56,1.83,1,20.82,56,2.23,1,22.47,21950.22,65850.65,6.03,0.55,56.03,-1.35,56.04,-1.37,56.03,-1.36
A13/195,JUN13,FORTH,Demersal,P,41E8d,27,6,2013,8,38,34,63.22,56,7.63,1,29.31,56,7.28,1,31.1,24189.06,67312.61,8.63,0.57,56.13,-1.49,56.12,-1.52,56.12,-1.5
A13/196,JUN13,FORTH,Demersal,S,41E8c,27,6,2013,12,8,33,64.92,56,2.32,1,41.62,56,2.41,1,39.65,24665.85,73897.32,12.13,0.55,56.04,-1.69,56.04,-1.66,56.04,-1.68
A13/197,JUN13,FORTH,Demersal,R,41E8d,28,6,2013,6,54,33,61.92,56,2.48,1,59.49,56,2.55,2,1.27,23583.81,67071.87,6.9,0.55,56.04,-1.99,56.04,-2.02,56.04,-2.01
A13/198,JUN13,FORTH,Demersal,O,41E8c,28,6,2013,9,31,33,54.5,56,8.75,1,50.94,56,7.71,1,51.01,22936.65,64458.23,9.52,0.55,56.15,-1.85,56.13,-1.85,56.14,-1.85
A13/199,JUN13,FORTH,Demersal,J,41E8c,28,6,2013,12,22,34,48.67,56,12.32,1,58.06,56,12.44,1,56.14,23678.24,70056.7,12.37,0.57,56.21,-1.97,56.21,-1.94,56.21,-1.95
A13/200,JUN13,FORTH,Demersal,N,41E8d,28,6,2013,7,18,33,65.67,56,7.28,2,10.42,56,8.4,2,9.07,32844.21,81486,7.3,0.55,56.12,-2.17,56.14,-2.15,56.13,-2.16
A13/201,JUN13,FORTH,Demersal,Q,41E7c,28,6,2013,10,1,33,58.1,56,2.6,2,18.92,56,2.56,2,21.03,27083.37,76519.32,10.02,0.55,56.04,-2.32,56.04,-2.35,56.04,-2.33
A13/202,JUN13,FORTH,Demersal,M,41E7c,28,6,2013,14,33,33,49.67,56,7.82,2,32.75,56,7.39,2,30.66,28625.92,77490.26,14.55,0.55,56.13,-2.55,56.12,-2.51,56.13,-2.53
A13/203,JUN13,FORTH,Demersal,I,41E7d,29,6,2013,6,51,33,54.17,56,13.08,2,19.96,56,11.83,2,20.02,28669.96,84793.88,6.85,0.55,56.22,-2.33,56.2,-2.33,56.21,-2.33
A13/204,JUN13,FORTH,Demersal,H,41E7b,29,6,2013,9,34,33,59.6,56,17.67,2,9.28,56,17.58,2,11.38,24994.66,75321.28,9.57,0.55,56.29,-2.15,56.29,-2.19,56.29,-2.17
A13/205,JUN13,FORTH,Demersal,D,41E7b,29,6,2013,13,2,33,50.33,56,22.06,2,21.45,56,21.42,2,23.25,25376.53,74919.76,13.03,0.55,56.37,-2.36,56.36,-2.39,56.36,-2.37
