FL,Date
0.036678345,17/06/2000
0.027906601,18/06/2000
0.021728712,19/06/2000
0.018483327,20/06/2000
0.015507097,21/06/2000
0.012731199,22/06/2000
0.005878236,23/06/2000
0,24/06/2000
0,25/06/2000
0,26/06/2000
0,27/06/2000
0,28/06/2000
0,29/06/2000
0,30/06/2000
0,01/07/2000
0,02/07/2000
0,03/07/2000
0,04/07/2000
0,05/07/2000
0,06/07/2000
0,07/07/2000
0,08/07/2000
0,09/07/2000
0,10/07/2000
0,11/07/2000
0,12/07/2000
0,13/07/2000
0,14/07/2000
0,15/07/2000
0,16/07/2000
0,17/07/2000
0,18/07/2000
0,19/07/2000
0,20/07/2000
0,21/07/2000
0,22/07/2000
0,23/07/2000
0,24/07/2000
0,25/07/2000
0,26/07/2000
0,27/07/2000
0,28/07/2000
0,29/07/2000
0,30/07/2000
0.000121892,31/07/2000
0.004546271,01/08/2000
0.010563404,02/08/2000
0.017368711,03/08/2000
0.020592723,04/08/2000
0.024054374,05/08/2000
0.027791439,06/08/2000
0.034946825,07/08/2000
0.044897193,08/08/2000
0.055380193,09/08/2000
0.065423833,10/08/2000
0.071062162,11/08/2000
0.07704424,12/08/2000
0.083397652,13/08/2000
0.09012462,14/08/2000
0.100262056,15/08/2000
0.112156009,16/08/2000
0.123790848,17/08/2000
0.134937192,18/08/2000
0.145403949,19/08/2000
0.154135113,20/08/2000
0.162350931,21/08/2000
0.170963066,22/08/2000
0.180291015,23/08/2000
0.18894281,24/08/2000
0.197315538,25/08/2000
0.206005104,26/08/2000
0.214789775,27/08/2000
0.22350388,28/08/2000
0.231056963,29/08/2000
0.237296983,30/08/2000
0.244560068,31/08/2000
0.252662041,01/09/2000
0.26076759,02/09/2000
0.266024339,03/09/2000
0.268945312,04/09/2000
0.270927038,05/09/2000
0.275949292,06/09/2000
0.282861977,07/09/2000
0.289838329,08/09/2000
0.296489431,09/09/2000
0.302384265,10/09/2000
0.302221406,11/09/2000
0.299131969,12/09/2000
0.300489789,13/09/2000
0.303244838,14/09/2000
0.30034778,15/09/2000
0.294894197,16/09/2000
0.289202903,17/09/2000
0.28770462,18/09/2000
0.287276664,19/09/2000
0.285966996,20/09/2000
0.282650299,21/09/2000
0.275199917,22/09/2000
0.267478415,23/09/2000
0.259615396,24/09/2000
0.254323282,25/09/2000
0.249186177,26/09/2000
0.243133088,27/09/2000
0.235723446,28/09/2000
0.226631943,29/09/2000
0.217673255,30/09/2000
0.209036554,01/10/2000
0.200887479,02/10/2000
0.193016053,03/10/2000
0.184011289,04/10/2000
0.174300975,05/10/2000
0.164002954,06/10/2000
0.155857813,07/10/2000
0.149040621,08/10/2000
0.142829829,09/10/2000
0.137213157,10/10/2000
0.132141978,11/10/2000
0.126025014,12/10/2000
0.115899075,13/10/2000
0.105646111,14/10/2000
0.095685433,15/10/2000
0.088074038,16/10/2000
0.085355469,17/10/2000
0.082803887,18/10/2000
0.080330705,19/10/2000
0.077894849,20/10/2000
0.071716734,21/10/2000
0.065194077,22/10/2000
0.059461622,23/10/2000
0.057637147,24/10/2000
0.056907349,25/10/2000
0.056570022,26/10/2000
0.056538624,27/10/2000
0.055581307,28/10/2000
0.052652836,29/10/2000
0.050444207,30/10/2000
0.049131329,31/10/2000
0.050251948,01/11/2000
0.051386244,02/11/2000
0.051940125,03/11/2000
0.053538185,04/11/2000
0.056177796,05/11/2000
0.059020564,06/11/2000
0.062157158,07/11/2000
0.065480865,08/11/2000
0.068933545,09/11/2000
0.073165021,10/11/2000
0.077953782,11/11/2000
0.083016154,12/11/2000
0.087933991,13/11/2000
0.091458531,14/11/2000
0.094599493,15/11/2000
0.097502072,16/11/2000
0.100151256,17/11/2000
0.102563767,18/11/2000
0.104772121,19/11/2000
0.106811455,20/11/2000
0.110859719,21/11/2000
0.114754735,22/11/2000
0.117787705,23/11/2000
0.119670747,24/11/2000
0.121517583,25/11/2000
0.123346348,26/11/2000
0.125150293,27/11/2000
0.128608828,28/11/2000
0.132615167,29/11/2000
0.136792887,30/11/2000
0.140927475,01/12/2000
0.144776484,02/12/2000
0.14626772,03/12/2000
0.147402266,04/12/2000
0.148499332,05/12/2000
0.151101665,06/12/2000
0.153469758,07/12/2000
0.154293114,08/12/2000
0.154834805,09/12/2000
0.155250841,10/12/2000
0.15648089,11/12/2000
0.157428024,12/12/2000
0.157901214,13/12/2000
0.157926839,14/12/2000
0.157658393,15/12/2000
0.157229469,16/12/2000
0.156675324,17/12/2000
0.156316823,18/12/2000
0.155813888,19/12/2000
0.155126536,20/12/2000
0.154289301,21/12/2000
0.1533544,22/12/2000
0.152313303,23/12/2000
0.151196951,24/12/2000
0.150036591,25/12/2000
0.148852711,26/12/2000
0.147655504,27/12/2000
0.146448574,28/12/2000
0.145163555,29/12/2000
0.143683311,30/12/2000
0.142093027,01/01/2001
0.140426381,02/01/2001
0.138734169,03/01/2001
0.137118764,04/01/2001
0.13553671,05/01/2001
0.133849241,06/01/2001
0.132069232,07/01/2001
0.130375545,08/01/2001
0.128619983,09/01/2001
0.126558293,10/01/2001
0.124336082,11/01/2001
0.122005466,12/01/2001
0.119636268,13/01/2001
0.117285292,14/01/2001
0.114987548,15/01/2001
0.11275905,16/01/2001
0.110621144,17/01/2001
0.108520296,18/01/2001
0.106350082,19/01/2001
0.104161497,20/01/2001
0.101984489,21/01/2001
0.0996829,22/01/2001
0.097259021,23/01/2001
0.094731669,24/01/2001
0.092463013,25/01/2001
0.090197328,26/01/2001
0.087916273,27/01/2001
0.085648143,28/01/2001
0.083034418,29/01/2001
0.080283544,30/01/2001
0.078032525,31/01/2001
0.075789524,01/02/2001
0.073501731,02/02/2001
0.070992489,03/02/2001
0.068131718,04/02/2001
0.065224324,05/02/2001
0.062668831,06/02/2001
0.060482414,07/02/2001
0.05828411,08/02/2001
0.055905002,09/02/2001
0.05343013,10/02/2001
0.051202217,11/02/2001
0.049221673,12/02/2001
0.047229228,13/02/2001
0.045260578,14/02/2001
0.043338343,15/02/2001
0.041484462,16/02/2001
0.039830455,17/02/2001
0.038332841,18/02/2001
0.037003807,19/02/2001
0.035829996,20/02/2001
0.034740736,21/02/2001
0.033158036,22/02/2001
0.031566062,23/02/2001
0.029958904,24/02/2001
0.028893168,25/02/2001
0.027745753,26/02/2001
0.026471761,27/02/2001
0.025063346,28/02/2001
0.023544084,01/03/2001
0.022066792,02/03/2001
0.020708006,03/03/2001
0.01943613,04/03/2001
0.018301229,05/03/2001
0.016970047,06/03/2001
0.015686135,07/03/2001
0.014503936,08/03/2001
0.013465989,09/03/2001
0.012671477,10/03/2001
0.012246028,11/03/2001
0.012182654,12/03/2001
0.012476994,13/03/2001
0.012548112,14/03/2001
0.012258224,15/03/2001
0.012185331,16/03/2001
0.012387167,17/03/2001
0.012842898,18/03/2001
0.014309577,19/03/2001
0.016136465,20/03/2001
0.018270271,21/03/2001
0.020611976,22/03/2001
0.021741267,23/03/2001
0.023632915,24/03/2001
0.02639304,25/03/2001
0.029326077,26/03/2001
0.030752934,27/03/2001
0.032163283,28/03/2001
0.033568634,29/03/2001
0.035971059,30/03/2001
0.039498747,31/03/2001
0.043232664,01/04/2001
0.047070114,02/04/2001
0.04884135,03/04/2001
0.050703732,04/04/2001
0.052664811,05/04/2001
0.054732543,06/04/2001
0.056914425,07/04/2001
0.059218714,08/04/2001
0.061662667,09/04/2001
0.065858751,10/04/2001
0.069995896,11/04/2001
0.074017317,12/04/2001
0.077288942,13/04/2001
0.080099119,14/04/2001
0.08311044,15/04/2001
0.086305587,16/04/2001
0.089659765,17/04/2001
0.093356284,18/04/2001
0.096844775,19/04/2001
0.100110293,20/04/2001
0.103316226,21/04/2001
0.106712877,22/04/2001
0.110112439,23/04/2001
0.113156883,24/04/2001
0.115672147,25/04/2001
0.117905659,26/04/2001
0.119857997,27/04/2001
0.122179508,28/04/2001
0.124976782,29/04/2001
0.127567754,30/04/2001
0.129389548,01/05/2001
0.130380717,02/05/2001
0.131079991,03/05/2001
0.132289455,04/05/2001
0.134103432,05/05/2001
0.135741984,06/05/2001
0.137246812,07/05/2001
0.136974641,08/05/2001
0.136397813,09/05/2001
0.135551496,10/05/2001
0.135487899,11/05/2001
0.136360525,12/05/2001
0.137212698,13/05/2001
0.137999779,14/05/2001
0.138641357,15/05/2001
0.139016657,16/05/2001
0.138982777,17/05/2001
0.138434088,18/05/2001
0.136461678,19/05/2001
0.133365272,20/05/2001
0.130163818,21/05/2001
0.126944484,22/05/2001
0.125101179,23/05/2001
0.12293204,24/05/2001
0.119991724,25/05/2001
0.11649908,26/05/2001
0.11298157,27/05/2001
0.109493706,28/05/2001
0.106595887,29/05/2001
0.10341199,30/05/2001
0.099927874,31/05/2001
0.096144907,01/06/2001
0.092094803,02/06/2001
0.087854213,03/06/2001
0.083538661,04/06/2001
0.079231087,05/06/2001
0.075586906,06/06/2001
0.072039459,07/06/2001
0.068608563,08/06/2001
0.064848213,09/06/2001
0.060653045,10/06/2001
0.056461439,11/06/2001
0.0533753,12/06/2001
0.050307257,13/06/2001
0.047241429,14/06/2001
0.044213327,15/06/2001
0.041263358,16/06/2001
0.037915992,17/06/2001
0.034070539,18/06/2001
0.030286993,19/06/2001
0.02667818,20/06/2001
0.023711503,21/06/2001
0.020829628,22/06/2001
0.017663426,23/06/2001
0.014793788,24/06/2001
0.012325828,25/06/2001
0.009535766,26/06/2001
0.005214458,27/06/2001
0,28/06/2001
0,29/06/2001
0,30/06/2001
0,01/07/2001
0,02/07/2001
0,03/07/2001
0,04/07/2001
0,05/07/2001
0,06/07/2001
0,07/07/2001
0,08/07/2001
0,09/07/2001
0,10/07/2001
0,11/07/2001
0,12/07/2001
0,13/07/2001
0,14/07/2001
0,15/07/2001
0,16/07/2001
0,17/07/2001
0,18/07/2001
0,19/07/2001
0,20/07/2001
0,21/07/2001
0.003939006,22/07/2001
0.009285047,23/07/2001
0.015177577,24/07/2001
0.026757919,25/07/2001
0.039225647,26/07/2001
0.052019131,27/07/2001
0.064715602,28/07/2001
0.073340052,29/07/2001
0.082372847,30/07/2001
0.091846799,31/07/2001
0.101776,01/08/2001
0.116202088,02/08/2001
0.131162678,03/08/2001
0.14684272,04/08/2001
0.158568633,05/08/2001
0.170796446,06/08/2001
0.183533206,07/08/2001
0.196800301,08/08/2001
0.214941031,09/08/2001
0.234464848,10/08/2001
0.255069186,11/08/2001
0.276030041,12/08/2001
0.29671669,13/08/2001
0.316722923,14/08/2001
0.335838779,15/08/2001
0.353983267,16/08/2001
0.3711487,17/08/2001
0.387364397,18/08/2001
0.402675491,19/08/2001
0.419245016,20/08/2001
0.436131021,21/08/2001
0.452042815,22/08/2001
0.466292551,23/08/2001
0.481865917,24/08/2001
0.499380929,25/08/2001
0.517036278,26/08/2001
0.534701823,27/08/2001
0.547175975,28/08/2001
0.558609504,29/08/2001
0.568740418,30/08/2001
0.577453486,31/08/2001
0.588492654,01/09/2001
0.602711497,02/09/2001
0.616404885,03/09/2001
0.629428896,04/09/2001
0.632361232,05/09/2001
0.633994652,06/09/2001
0.639325748,07/09/2001
0.648776049,08/09/2001
0.657390793,09/09/2001
0.665071378,10/09/2001
0.661541452,11/09/2001
0.657303608,12/09/2001
0.65262576,13/09/2001
0.652166902,14/09/2001
0.655406983,15/09/2001
0.65750507,16/09/2001
0.6581803,17/09/2001
0.653975744,18/09/2001
0.645967839,19/09/2001
0.637849546,20/09/2001
0.629721975,21/09/2001
0.621699408,22/09/2001
0.615453848,23/09/2001
0.609780463,24/09/2001
0.602577218,25/09/2001
0.593583764,26/09/2001
0.583877831,27/09/2001
0.573811244,28/09/2001
0.562461509,29/09/2001
0.549648045,30/09/2001
0.535462125,01/10/2001
0.523451409,02/10/2001
0.510811596,03/10/2001
0.497663346,04/10/2001
0.482720168,05/10/2001
0.465412734,06/10/2001
0.447429559,07/10/2001
0.429094751,08/10/2001
0.415043252,09/10/2001
0.401000143,10/10/2001
0.387105091,11/10/2001
0.37100975,12/10/2001
0.352508896,13/10/2001
0.334433146,14/10/2001
0.316921436,15/10/2001
0.304164469,16/10/2001
0.291765959,17/10/2001
0.279736319,18/10/2001
0.265640275,19/10/2001
0.249279875,20/10/2001
0.233177242,21/10/2001
0.217106979,22/10/2001
0.206926678,23/10/2001
0.197211562,24/10/2001
0.187968045,25/10/2001
0.176064207,26/10/2001
0.160767871,27/10/2001
0.145208621,28/10/2001
0.129909034,29/10/2001
0.115582154,30/10/2001
0.10284275,31/10/2001
0.097969192,01/11/2001
0.093493558,02/11/2001
0.089369197,03/11/2001
0.085469216,04/11/2001
0.079238762,05/11/2001
0.071570057,06/11/2001
0.068604308,07/11/2001
0.065863065,08/11/2001
0.06334591,09/11/2001
0.059453022,10/11/2001
0.054772401,11/11/2001
0.051102829,12/11/2001
0.0484284,13/11/2001
0.047234127,14/11/2001
0.046188091,15/11/2001
0.045246257,16/11/2001
0.044099138,17/11/2001
0.043751692,18/11/2001
0.044213204,19/11/2001
0.045479899,20/11/2001
0.045121313,21/11/2001
0.044822479,22/11/2001
0.044558647,23/11/2001
0.046776622,24/11/2001
0.049690216,25/11/2001
0.053092449,26/11/2001
0.056572262,27/11/2001
0.059564178,28/11/2001
0.059034103,29/11/2001
0.058515154,30/11/2001
0.05800168,01/12/2001
0.057488745,02/12/2001
0.059067998,03/12/2001
0.059436383,04/12/2001
0.058922082,05/12/2001
0.058283649,06/12/2001
0.057683711,07/12/2001
0.057109417,08/12/2001
0.056372947,09/12/2001
0.055413245,10/12/2001
0.054287078,11/12/2001
0.053470988,12/12/2001
0.053046588,13/12/2001
0.052694158,14/12/2001
0.052400062,15/12/2001
0.05180113,16/12/2001
0.050960694,17/12/2001
0.050243006,18/12/2001
0.049843411,19/12/2001
0.049725793,20/12/2001
0.049637223,21/12/2001
0.049319782,22/12/2001
0.048777733,23/12/2001
0.048266176,24/12/2001
0.047798785,25/12/2001
0.04739393,26/12/2001
0.047076493,27/12/2001
0.04687915,28/12/2001
0.04684159,29/12/2001
0.047004575,30/12/2001
0.047394773,31/12/2001
0.04800137,01/01/2002
0.048462402,02/01/2002
0.048622206,03/01/2002
0.048740835,04/01/2002
0.048807188,05/01/2002
0.049131231,06/01/2002
0.049765263,07/01/2002
0.050012896,08/01/2002
0.049846947,09/01/2002
0.049608073,10/01/2002
0.049655338,11/01/2002
0.049941422,12/01/2002
0.050019205,13/01/2002
0.049816446,14/01/2002
0.049351845,15/01/2002
0.048771686,16/01/2002
0.048123749,17/01/2002
0.047423058,18/01/2002
0.04673362,19/01/2002
0.046047977,20/01/2002
0.04533391,21/01/2002
0.04452664,22/01/2002
0.043629401,23/01/2002
0.042644095,24/01/2002
0.041604724,25/01/2002
0.040818242,26/01/2002
0.040041873,27/01/2002
0.039283555,28/01/2002
0.03835035,29/01/2002
0.037217683,30/01/2002
0.036079925,31/01/2002
0.035119657,01/02/2002
0.034315479,02/02/2002
0.033512112,03/02/2002
0.032723134,04/02/2002
0.031956532,05/02/2002
0.030995014,06/02/2002
0.029857938,07/02/2002
0.028758654,08/02/2002
0.027716721,09/02/2002
0.026928706,10/02/2002
0.026126749,11/02/2002
0.025174617,12/02/2002
0.024328535,13/02/2002
0.023599031,14/02/2002
0.022980901,15/02/2002
0.022231572,16/02/2002
0.021470139,17/02/2002
0.02069377,18/02/2002
0.020074537,19/02/2002
0.019739406,20/02/2002
0.019536961,21/02/2002
0.019124252,22/02/2002
0.01836897,23/02/2002
0.017568661,24/02/2002
0.016755267,25/02/2002
0.016848559,26/02/2002
0.016669498,27/02/2002
0.016128292,28/02/2002
0.015290143,01/03/2002
0.01466073,02/03/2002
0.01409969,03/03/2002
0.013639302,04/03/2002
0.012952471,05/03/2002
0.011697348,06/03/2002
0.010094529,07/03/2002
0.008292186,08/03/2002
0.007194822,09/03/2002
0.006896521,10/03/2002
0.006700012,11/03/2002
0.006604671,12/03/2002
0.004919552,13/03/2002
0.003594588,14/03/2002
0.002781906,15/03/2002
0.002530908,16/03/2002
0.002817508,17/03/2002
0.00358151,18/03/2002
0.004753284,19/03/2002
0.005859095,20/03/2002
0.006683584,21/03/2002
0.007601301,22/03/2002
0.008647031,23/03/2002
0.009825297,24/03/2002
0.012393921,25/03/2002
0.015622995,26/03/2002
0.019572278,27/03/2002
0.024116522,28/03/2002
0.029060393,29/03/2002
0.034212591,30/03/2002
0.036953557,31/03/2002
0.039855209,01/04/2002
0.04294149,02/04/2002
0.047571992,03/04/2002
0.053762243,04/04/2002
0.060222662,05/04/2002
0.066798864,06/04/2002
0.073271743,07/04/2002
0.077432625,08/04/2002
0.081749005,09/04/2002
0.086195838,10/04/2002
0.092627531,11/04/2002
0.098787406,12/04/2002
0.103384328,13/04/2002
0.10806266,14/04/2002
0.112818439,15/04/2002
0.118499989,16/04/2002
0.123748108,17/04/2002
0.128467775,18/04/2002
0.132835762,19/04/2002
0.137361055,20/04/2002
0.141921381,21/04/2002
0.14644652,22/04/2002
0.150349802,23/04/2002
0.153258614,24/04/2002
0.15569529,25/04/2002
0.157727291,26/04/2002
0.160506534,27/04/2002
0.164297896,28/04/2002
0.16806152,29/04/2002
0.170509627,30/04/2002
0.171415114,01/05/2002
0.172020245,02/05/2002
0.173871071,03/05/2002
0.177211232,04/05/2002
0.180513166,05/05/2002
0.183684893,06/05/2002
0.184958005,07/05/2002
0.18417193,08/05/2002
0.183043244,09/05/2002
0.181640361,10/05/2002
0.183789543,11/05/2002
0.185775513,12/05/2002
0.187559002,13/05/2002
0.185011387,14/05/2002
0.182162631,15/05/2002
0.179061773,16/05/2002
0.175823276,17/05/2002
0.17601004,18/05/2002
0.175849292,19/05/2002
0.175218936,20/05/2002
0.174038022,21/05/2002
0.16933338,22/05/2002
0.164549358,23/05/2002
0.159718988,24/05/2002
0.157015642,25/05/2002
0.153711259,26/05/2002
0.149753869,27/05/2002
0.144228472,28/05/2002
0.138718784,29/05/2002
0.13328097,30/05/2002
0.128147494,31/05/2002
0.122753568,01/06/2002
0.116797916,02/06/2002
0.110321419,03/06/2002
0.1051748,04/06/2002
0.100242477,05/06/2002
0.095537984,06/06/2002
0.090072742,07/06/2002
0.083426749,08/06/2002
0.076608551,09/06/2002
0.069790145,10/06/2002
0.064626855,11/06/2002
0.061131958,12/06/2002
0.057664714,13/06/2002
0.054220766,14/06/2002
0.048380656,15/06/2002
0.042786279,16/06/2002
0.03754667,17/06/2002
0.034797418,18/06/2002
0.032073521,19/06/2002
0.029410203,20/06/2002
0.026835632,21/06/2002
0.022748486,22/06/2002
0.01909164,23/06/2002
0.015976876,24/06/2002
0.013670991,25/06/2002
0.011643946,26/06/2002
0.009325816,27/06/2002
0.007023337,28/06/2002
0.005312485,29/06/2002
0.004163423,30/06/2002
0.00360255,01/07/2002
0.002315557,02/07/2002
0,03/07/2002
0,04/07/2002
0,05/07/2002
0,06/07/2002
0,07/07/2002
0,08/07/2002
0,09/07/2002
0,10/07/2002
0,11/07/2002
0,12/07/2002
0,13/07/2002
0,14/07/2002
0,15/07/2002
0,16/07/2002
0,17/07/2002
0,18/07/2002
0,19/07/2002
0,20/07/2002
0,21/07/2002
0,22/07/2002
0,23/07/2002
0,24/07/2002
0,25/07/2002
0,26/07/2002
0,27/07/2002
0,28/07/2002
0,29/07/2002
0,30/07/2002
0,31/07/2002
0,01/08/2002
0,02/08/2002
0,03/08/2002
0,04/08/2002
0,05/08/2002
0,06/08/2002
0,07/08/2002
0.010346313,08/08/2002
0.021460532,09/08/2002
0.033007128,10/08/2002
0.045167505,11/08/2002
0.058179628,12/08/2002
0.072208901,13/08/2002
0.09713654,14/08/2002
0.135205243,15/08/2002
0.177246282,16/08/2002
0.221941056,17/08/2002
0.256153846,18/08/2002
0.279916927,19/08/2002
0.305132045,20/08/2002
0.331979219,21/08/2002
0.360522144,22/08/2002
0.414497259,23/08/2002
0.468831192,24/08/2002
0.501851436,25/08/2002
0.536364952,26/08/2002
0.592392757,27/08/2002
0.647315182,28/08/2002
0.699370781,29/08/2002
0.746995206,30/08/2002
0.784047817,31/08/2002
0.82238454,01/09/2002
0.861672578,02/09/2002
0.902267928,03/09/2002
0.939332537,04/09/2002
0.971416985,05/09/2002
0.998850763,06/09/2002
1.02211876,07/09/2002
1.041795083,08/09/2002
1.058436709,09/09/2002
1.090139706,10/09/2002
1.122187185,11/09/2002
1.153572416,12/09/2002
1.183676038,13/09/2002
1.191145828,14/09/2002
1.195254615,15/09/2002
1.195813108,16/09/2002
1.193301569,17/09/2002
1.1884415,18/09/2002
1.194720836,19/09/2002
1.212346077,20/09/2002
1.227958977,21/09/2002
1.228500422,22/09/2002
1.213636465,23/09/2002
1.196037116,24/09/2002
1.176383602,25/09/2002
1.15573624,26/09/2002
1.135019329,27/09/2002
1.114846552,28/09/2002
1.095533836,29/09/2002
1.077179716,30/09/2002
1.06667172,01/10/2002
1.061633049,02/10/2002
1.053997574,03/10/2002
1.043542223,04/10/2002
1.021609718,05/10/2002
0.998978938,06/10/2002
0.975230584,07/10/2002
0.950740157,08/10/2002
0.926110658,09/10/2002
0.901870236,10/10/2002
0.878366019,11/10/2002
0.855767299,12/10/2002
0.834110437,13/10/2002
0.813348253,14/10/2002
0.789539059,15/10/2002
0.762973535,16/10/2002
0.733673804,17/10/2002
0.701709986,18/10/2002
0.679221195,19/10/2002
0.656680858,20/10/2002
0.633870653,21/10/2002
0.604929897,22/10/2002
0.568275036,23/10/2002
0.529662192,24/10/2002
0.498321658,25/10/2002
0.475811919,26/10/2002
0.453636089,27/10/2002
0.432097516,28/10/2002
0.40220937,29/10/2002
0.36252187,30/10/2002
0.322355141,31/10/2002
0.282169106,01/11/2002
0.265015854,02/11/2002
0.24871797,03/11/2002
0.233238051,04/11/2002
0.218496823,05/11/2002
0.204404023,06/11/2002
0.190879997,07/11/2002
0.167308545,08/11/2002
0.134002682,09/11/2002
0.10235416,10/11/2002
0.072888059,11/11/2002
0.063099761,12/11/2002
0.0539354,13/11/2002
0.045508565,14/11/2002
0.037796028,15/11/2002
0.014485931,16/11/2002
0,17/11/2002
0,18/11/2002
0,19/11/2002
0,20/11/2002
0,21/11/2002
0,22/11/2002
0,23/11/2002
0,24/11/2002
0,25/11/2002
0,26/11/2002
0,27/11/2002
0,28/11/2002
0,29/11/2002
0,30/11/2002
0.007365596,01/12/2002
0.026093798,02/12/2002
0.032045804,03/12/2002
0.037966315,04/12/2002
0.043718153,05/12/2002
0.055990743,06/12/2002
0.075323766,07/12/2002
0.094249389,08/12/2002
0.1118864,09/12/2002
0.115149044,10/12/2002
0.118025049,11/12/2002
0.120503293,12/12/2002
0.122564863,13/12/2002
0.124211379,14/12/2002
0.136694173,15/12/2002
0.146637566,16/12/2002
0.153549541,17/12/2002
0.157705161,18/12/2002
0.157161909,19/12/2002
0.15636942,20/12/2002
0.158426033,21/12/2002
0.159259254,22/12/2002
0.159129911,23/12/2002
0.157566098,24/12/2002
0.155755705,25/12/2002
0.153726004,26/12/2002
0.152224132,27/12/2002
0.15123294,28/12/2002
0.150049688,29/12/2002
0.148717956,30/12/2002
0.146136687,31/12/2002
0.143431312,01/01/2003
0.140637155,02/01/2003
0.138408467,03/01/2003
0.136749497,04/01/2003
0.13505655,05/01/2003
0.133332787,06/01/2003
0.131579304,07/01/2003
0.128508187,08/01/2003
0.125426046,09/01/2003
0.122347038,10/01/2003
0.119306782,11/01/2003
0.117372628,12/01/2003
0.115422162,13/01/2003
0.113473589,14/01/2003
0.111546562,15/01/2003
0.108469477,16/01/2003
0.10537725,17/01/2003
0.102251281,18/01/2003
0.100309818,19/01/2003
0.098421711,20/01/2003
0.095214476,21/01/2003
0.091886111,22/01/2003
0.088436498,23/01/2003
0.084920497,24/01/2003
0.082175129,25/01/2003
0.080235525,26/01/2003
0.078328104,27/01/2003
0.076424321,28/01/2003
0.073616999,29/01/2003
0.069922881,30/01/2003
0.066174744,31/01/2003
0.063992749,01/02/2003
0.061613142,02/02/2003
0.058999444,03/02/2003
0.056127996,04/02/2003
0.052997974,05/02/2003
0.049630351,06/02/2003
0.045851853,07/02/2003
0.041848375,08/02/2003
0.03792079,09/02/2003
0.034151164,10/02/2003
0.030590055,11/02/2003
0.026975605,12/02/2003
0.023296712,13/02/2003
0.019648063,14/02/2003
0.016105781,15/02/2003
0.012656779,16/02/2003
0.009904043,17/02/2003
0.007509372,18/02/2003
0.005489585,19/02/2003
0.002556505,20/02/2003
0,21/02/2003
0,22/02/2003
0,23/02/2003
0,24/02/2003
0,25/02/2003
0,26/02/2003
0,27/02/2003
0,28/02/2003
0,01/03/2003
0,02/03/2003
0,03/03/2003
0,04/03/2003
0,05/03/2003
0,06/03/2003
0,07/03/2003
0,08/03/2003
0,09/03/2003
0,10/03/2003
0.000101466,11/03/2003
0.002209875,12/03/2003
0.004506524,13/03/2003
0.007851566,14/03/2003
0.012461788,15/03/2003
0.017521688,16/03/2003
0.02286102,17/03/2003
0.026216069,18/03/2003
0.029675194,19/03/2003
0.033176537,20/03/2003
0.037973791,21/03/2003
0.04414774,22/03/2003
0.05042124,23/03/2003
0.056636062,24/03/2003
0.060601634,25/03/2003
0.064547224,26/03/2003
0.068434797,27/03/2003
0.072311612,28/03/2003
0.078548433,29/03/2003
0.084577066,30/03/2003
0.090332242,31/03/2003
0.095075373,01/04/2003
0.099242604,02/04/2003
0.103648813,03/04/2003
0.108296482,04/04/2003
0.113162425,05/04/2003
0.11820469,06/04/2003
0.123425415,07/04/2003
0.128186029,08/04/2003
0.132421448,09/04/2003
0.136120149,10/04/2003
0.140214245,11/04/2003
0.1452727,12/04/2003
0.150453219,13/04/2003
0.155604731,14/04/2003
0.15916223,15/04/2003
0.160740435,16/04/2003
0.161756982,17/04/2003
0.162307463,18/04/2003
0.166179662,19/04/2003
0.169837203,20/04/2003
0.173173673,21/04/2003
0.172231735,22/04/2003
0.170857713,23/04/2003
0.169126065,24/04/2003
0.169091653,25/04/2003
0.170679922,26/04/2003
0.171809485,27/04/2003
0.172415128,28/04/2003
0.169190713,29/04/2003
0.165759092,30/04/2003
0.162196195,01/05/2003
0.160023301,02/05/2003
0.158914787,03/05/2003
0.157297694,04/05/2003
0.155148948,05/05/2003
0.150721837,06/05/2003
0.146269153,07/05/2003
0.141836988,08/05/2003
0.137521917,09/05/2003
0.134020471,10/05/2003
0.12994942,11/05/2003
0.125283084,12/05/2003
0.120062115,13/05/2003
0.114373144,14/05/2003
0.109520113,15/05/2003
0.104696564,16/05/2003
0.099892438,17/05/2003
0.09368202,18/05/2003
0.087177464,19/05/2003
0.082452308,20/05/2003
0.077770918,21/05/2003
0.073193186,22/05/2003
0.067726333,23/05/2003
0.06112369,24/05/2003
0.054540022,25/05/2003
0.048110764,26/05/2003
0.044249168,27/05/2003
0.040237914,28/05/2003
0.036039208,29/05/2003
0.031034336,30/05/2003
0.025452709,31/05/2003
0.02025252,01/06/2003
0.015516004,02/06/2003
0.011907121,03/06/2003
0.008573183,04/06/2003
0.005685519,05/06/2003
0.002556896,06/06/2003
0,07/06/2003
0,08/06/2003
0,09/06/2003
0,10/06/2003
0,11/06/2003
0,12/06/2003
0,13/06/2003
0,14/06/2003
0,15/06/2003
0,16/06/2003
0,17/06/2003
0,18/06/2003
0,19/06/2003
6.34E-05,20/06/2003
0.001825994,21/06/2003
0.003855044,22/06/2003
0.006120114,23/06/2003
0.008594145,24/06/2003
0.012483506,25/06/2003
0.016727036,26/06/2003
0.021204311,27/06/2003
0.025107679,28/06/2003
0.02850514,29/06/2003
0.032019044,30/06/2003
0.036211029,01/07/2003
0.037738503,02/07/2003
0.036201976,03/07/2003
0.036091698,04/07/2003
0.039290885,05/07/2003
0.042429301,06/07/2003
0.045471148,07/07/2003
0.044052708,08/07/2003
0.036973608,09/07/2003
0.029081854,10/07/2003
0.021487488,11/07/2003
0.023384313,12/07/2003
0.02530587,13/07/2003
0.027287019,14/07/2003
0.020842468,15/07/2003
0.017147838,16/07/2003
0.016726801,17/07/2003
0.019519472,18/07/2003
0.023820738,19/07/2003
0.027552384,20/07/2003
0.031575749,21/07/2003
0.035973501,22/07/2003
0.046218975,23/07/2003
0.060564448,24/07/2003
0.072913704,25/07/2003
0.080522584,26/07/2003
0.088711503,27/07/2003
0.097590116,28/07/2003
0.122874789,29/07/2003
0.152518349,30/07/2003
0.185144291,31/07/2003
0.199297574,01/08/2003
0.214266307,02/08/2003
0.230145578,03/08/2003
0.257774031,04/08/2003
0.296728812,05/08/2003
0.335117841,06/08/2003
0.371571255,07/08/2003
0.405194498,08/08/2003
0.435665717,09/08/2003
0.45672057,10/08/2003
0.478446424,11/08/2003
0.500652192,12/08/2003
0.525812498,13/08/2003
0.551346332,14/08/2003
0.574251659,15/08/2003
0.596371098,16/08/2003
0.618904074,17/08/2003
0.641490708,18/08/2003
0.662013665,19/08/2003
0.678288294,20/08/2003
0.69178364,21/08/2003
0.707315533,22/08/2003
0.726918525,23/08/2003
0.746125717,24/08/2003
0.764696489,25/08/2003
0.769323965,26/08/2003
0.771464596,27/08/2003
0.771612522,28/08/2003
0.777700631,29/08/2003
0.790560106,30/08/2003
0.802686214,31/08/2003
0.813940812,01/09/2003
0.807442449,02/09/2003
0.799846152,03/09/2003
0.791371902,04/09/2003
0.782487241,05/09/2003
0.773563391,06/09/2003
0.778342925,07/09/2003
0.782394307,08/09/2003
0.785420058,09/09/2003
0.780194147,10/09/2003
0.766560304,11/09/2003
0.758715929,12/09/2003
0.757216925,13/09/2003
0.75407351,14/09/2003
0.748736511,15/09/2003
0.733978141,16/09/2003
0.709270988,17/09/2003
0.681977996,18/09/2003
0.653732112,19/09/2003
0.638674306,20/09/2003
0.620586001,21/09/2003
0.599114317,22/09/2003
0.567372209,23/09/2003
0.537062246,24/09/2003
0.50886066,25/09/2003
0.482338431,26/09/2003
0.453080235,27/09/2003
0.420819054,28/09/2003
0.386050585,29/09/2003
0.362478366,30/09/2003
0.341739763,01/10/2003
0.323619751,02/10/2003
0.298797636,03/10/2003
0.264649448,04/10/2003
0.230325359,05/10/2003
0.196540464,06/10/2003
0.186696643,07/10/2003
0.179138767,08/10/2003
0.173562002,09/10/2003
0.169397335,10/10/2003
0.166110806,11/10/2003
0.141148914,12/10/2003
0.117792234,13/10/2003
0.097010397,14/10/2003
0.089055723,15/10/2003
0.092414351,16/10/2003
0.096697288,17/10/2003
0.084150941,18/10/2003
0.075354789,19/10/2003
0.071902018,20/10/2003
0.074944818,21/10/2003
0.084634824,22/10/2003
0.096624116,23/10/2003
0.108964527,24/10/2003
0.121245772,25/10/2003
0.136623473,26/10/2003
0.154710969,27/10/2003
0.166162769,28/10/2003
0.176657155,29/10/2003
0.185949926,30/10/2003
0.198605594,31/10/2003
0.2150044,01/11/2003
0.229746736,02/11/2003
0.242523375,03/11/2003
0.247704501,04/11/2003
0.251841055,05/11/2003
0.255047624,06/11/2003
0.261605523,07/11/2003
0.271408033,08/11/2003
0.280056529,09/11/2003
0.287352478,10/11/2003
0.28778449,11/11/2003
0.287605181,12/11/2003
0.286907287,13/11/2003
0.289361993,14/11/2003
0.294650547,15/11/2003
0.299364163,16/11/2003
0.303449393,17/11/2003
0.30071095,18/11/2003
0.297473869,19/11/2003
0.293819706,20/11/2003
0.293404714,21/11/2003
0.296006144,22/11/2003
0.298397187,23/11/2003
0.300189591,24/11/2003
0.300784453,25/11/2003
0.293879815,26/11/2003
0.286681157,27/11/2003
0.279317557,28/11/2003
0.272019847,29/11/2003
0.264952902,30/11/2003
0.2581913,01/12/2003
0.251886986,02/12/2003
0.247728637,03/12/2003
0.242464631,04/12/2003
0.235769613,05/12/2003
0.228601224,06/12/2003
0.221284441,07/12/2003
0.213859643,08/12/2003
0.205849065,09/12/2003
0.196684249,10/12/2003
0.186505184,11/12/2003
0.178580935,12/12/2003
0.170635836,13/12/2003
0.162777133,14/12/2003
0.153077145,15/12/2003
0.141006355,16/12/2003
0.127894125,17/12/2003
0.114019959,18/12/2003
0.099894222,19/12/2003
0.08666228,20/12/2003
0.081392617,21/12/2003
0.0764304,22/12/2003
0.071728463,23/12/2003
0.063333311,24/12/2003
0.053010743,25/12/2003
0.044468625,26/12/2003
0.041382524,27/12/2003
0.038400751,28/12/2003
0.035498013,29/12/2003
0.030483059,30/12/2003
0.025086639,31/12/2003
0.021239898,01/01/2004
0.018952158,02/01/2004
0.017070981,03/01/2004
0.015262731,04/01/2004
0.013500769,05/01/2004
0.011756042,06/01/2004
0.010055201,07/01/2004
0.009264672,08/01/2004
0.009502319,09/01/2004
0.010646162,10/01/2004
0.010506169,11/01/2004
0.009618337,12/01/2004
0.011521288,13/01/2004
0.013430698,14/01/2004
0.015005934,15/01/2004
0.015914662,16/01/2004
0.016027505,17/01/2004
0.015005466,18/01/2004
0.013911602,19/01/2004
0.012730096,20/01/2004
0.012311489,21/01/2004
0.012301014,22/01/2004
0.011478857,23/01/2004
0.010134072,24/01/2004
0.008761464,25/01/2004
0.007567767,26/01/2004
0.007451079,27/01/2004
0.007303339,28/01/2004
0.007051039,29/01/2004
0.006053577,30/01/2004
0.004776698,31/01/2004
0.003642888,01/02/2004
0.002672828,02/02/2004
0.002117801,03/02/2004
0.001606239,04/02/2004
0.000948163,05/02/2004
0.000228955,06/02/2004
0,07/02/2004
0,08/02/2004
0,09/02/2004
0,10/02/2004
0,11/02/2004
0,12/02/2004
0,13/02/2004
0,14/02/2004
0,15/02/2004
0,16/02/2004
0,17/02/2004
0,18/02/2004
0,19/02/2004
0,20/02/2004
0,21/02/2004
0,22/02/2004
0,23/02/2004
0.000464769,24/02/2004
0.001489948,25/02/2004
0.002643919,26/02/2004
0.003969369,27/02/2004
0.005752775,28/02/2004
0.009093512,29/02/2004
0.012989081,01/03/2004
0.017426974,02/03/2004
0.02049815,03/03/2004
0.022968023,04/03/2004
0.026093266,05/03/2004
0.031573237,06/03/2004
0.03727396,07/03/2004
0.04297634,08/03/2004
0.046967416,09/03/2004
0.050387703,10/03/2004
0.053958822,11/03/2004
0.059083863,12/03/2004
0.064649091,13/03/2004
0.069985556,14/03/2004
0.075028793,15/03/2004
0.079231915,16/03/2004
0.08332027,17/03/2004
0.087557175,18/03/2004
0.092004154,19/03/2004
0.096548978,20/03/2004
0.100841363,21/03/2004
0.104984802,22/03/2004
0.109462727,23/03/2004
0.114041526,24/03/2004
0.118647814,25/03/2004
0.122590127,26/03/2004
0.126104818,27/03/2004
0.129418019,28/03/2004
0.132830481,29/03/2004
0.13712609,30/03/2004
0.141293888,31/03/2004
0.145258312,01/04/2004
0.148147807,02/04/2004
0.150510458,03/04/2004
0.152631019,04/04/2004
0.154923959,05/04/2004
0.158228184,06/04/2004
0.161381085,07/04/2004
0.164408694,08/04/2004
0.166059988,09/04/2004
0.167058765,10/04/2004
0.167782002,11/04/2004
0.168846375,12/04/2004
0.171407775,13/04/2004
0.174045892,14/04/2004
0.176717382,15/04/2004
0.179343466,16/04/2004
0.181811984,17/04/2004
0.184011337,18/04/2004
0.184999453,19/04/2004
0.183516855,20/04/2004
0.181682837,21/04/2004
0.179560809,22/04/2004
0.17963485,23/04/2004
0.179938159,24/04/2004
0.17979526,25/04/2004
0.178336363,26/04/2004
0.174750358,27/04/2004
0.170922278,28/04/2004
0.166943624,29/04/2004
0.163619945,30/04/2004
0.161433268,01/05/2004
0.158824656,02/05/2004
0.155804376,03/05/2004
0.151343441,04/05/2004
0.146634087,05/05/2004
0.141919583,06/05/2004
0.137995074,07/05/2004
0.1339574,08/05/2004
0.129694707,09/05/2004
0.125112784,10/05/2004
0.120128464,11/05/2004
0.114796583,12/05/2004
0.109188179,13/05/2004
0.103914597,14/05/2004
0.099281568,15/05/2004
0.094527417,16/05/2004
0.08964662,17/05/2004
0.084135903,18/05/2004
0.07842272,19/05/2004
0.07263454,20/05/2004
0.067629604,21/05/2004
0.062521113,22/05/2004
0.057286394,23/05/2004
0.052085435,24/05/2004
0.047110146,25/05/2004
0.042199044,26/05/2004
0.03688066,27/05/2004
0.031287103,28/05/2004
0.025575284,29/05/2004
0.020551492,30/05/2004
0.016560915,31/05/2004
0.01139906,01/06/2004
0.006359158,02/06/2004
0.001697537,03/06/2004
0,04/06/2004
0,05/06/2004
0,06/06/2004
0,07/06/2004
0,08/06/2004
0,09/06/2004
0,10/06/2004
0,11/06/2004
0,12/06/2004
0,13/06/2004
0,14/06/2004
0,15/06/2004
0,16/06/2004
0,17/06/2004
0,18/06/2004
0,19/06/2004
0,20/06/2004
0,21/06/2004
0.007183331,22/06/2004
0.018114498,23/06/2004
0.030597879,24/06/2004
0.039737142,25/06/2004
0.044721235,26/06/2004
0.050146869,27/06/2004
0.056111573,28/06/2004
0.062711608,29/06/2004
0.070007851,30/06/2004
0.077978971,01/07/2004
0.095560582,02/07/2004
0.113224373,03/07/2004
0.130542122,04/07/2004
0.147020731,05/07/2004
0.15715237,06/07/2004
0.167974139,07/07/2004
0.179542687,08/07/2004
0.19187345,09/07/2004
0.204906058,10/07/2004
0.218491512,11/07/2004
0.232563461,12/07/2004
0.248958353,13/07/2004
0.264211803,14/07/2004
0.278382628,15/07/2004
0.291992426,16/07/2004
0.305966984,17/07/2004
0.319921421,18/07/2004
0.333741222,19/07/2004
0.345156567,20/07/2004
0.35527042,21/07/2004
0.364083107,22/07/2004
0.374624912,23/07/2004
0.387416928,24/07/2004
0.400253542,25/07/2004
0.412607736,26/07/2004
0.417613996,27/07/2004
0.421457011,28/07/2004
0.424341137,29/07/2004
0.426559979,30/07/2004
0.428373072,31/07/2004
0.42996494,01/08/2004
0.431448912,02/08/2004
0.432882643,03/08/2004
0.434287571,04/08/2004
0.436235047,05/08/2004
0.443554572,06/08/2004
0.450522829,07/08/2004
0.456858443,08/08/2004
0.46183685,09/08/2004
0.461249193,10/08/2004
0.459581647,11/08/2004
0.456589758,12/08/2004
0.457067103,13/08/2004
0.459522267,14/08/2004
0.460942011,15/08/2004
0.457253854,16/08/2004
0.449985482,17/08/2004
0.44198972,18/08/2004
0.434822488,19/08/2004
0.432525937,20/08/2004
0.429104543,21/08/2004
0.424500804,22/08/2004
0.416942308,23/08/2004
0.409142664,24/08/2004
0.402683441,25/08/2004
0.397404354,26/08/2004
0.390988652,27/08/2004
0.3836889,28/08/2004
0.375624316,29/08/2004
0.370373362,30/08/2004
0.367680255,31/08/2004
0.365811432,01/09/2004
0.364551857,02/09/2004
0.362514676,03/09/2004
0.354569945,04/09/2004
0.346278147,05/09/2004
0.337869522,06/09/2004
0.335319956,07/09/2004
0.335805094,08/09/2004
0.334997921,09/09/2004
0.327214874,10/09/2004
0.3197183,11/09/2004
0.312809967,12/09/2004
0.312554147,13/09/2004
0.315400472,14/09/2004
0.318643592,15/09/2004
0.320368163,16/09/2004
0.316190392,17/09/2004
0.313204088,18/09/2004
0.3118391,19/09/2004
0.313222958,20/09/2004
0.318870062,21/09/2004
0.324611328,22/09/2004
0.330304532,23/09/2004
0.335174428,24/09/2004
0.338888684,25/09/2004
0.34417408,26/09/2004
0.350746025,27/09/2004
0.356651131,28/09/2004
0.362216564,29/09/2004
0.367373334,30/09/2004
0.372843467,01/10/2004
0.381332624,02/10/2004
0.390885818,03/10/2004
0.401124897,04/10/2004
0.409774591,05/10/2004
0.41280477,06/10/2004
0.415111108,07/10/2004
0.422616691,08/10/2004
0.431391186,09/10/2004
0.439399724,10/10/2004
0.440808366,11/10/2004
0.439627129,12/10/2004
0.437617215,13/10/2004
0.434979941,14/10/2004
0.431930609,15/10/2004
0.428640877,16/10/2004
0.425226899,17/10/2004
0.421757832,18/10/2004
0.418267252,19/10/2004
0.41476698,20/10/2004
0.411256805,21/10/2004
0.407729901,22/10/2004
0.407787574,23/10/2004
0.408079429,24/10/2004
0.407401042,25/10/2004
0.405711779,26/10/2004
0.401440671,27/10/2004
0.396295638,28/10/2004
0.392734132,29/10/2004
0.389030278,30/10/2004
0.384697089,31/10/2004
0.378374832,01/11/2004
0.370710765,02/11/2004
0.362088279,03/11/2004
0.352912957,04/11/2004
0.346427952,05/11/2004
0.340262867,06/11/2004
0.333722978,07/11/2004
0.32679841,08/11/2004
0.31862843,09/11/2004
0.308727766,10/11/2004
0.299104895,11/11/2004
0.289934643,12/11/2004
0.28195462,13/11/2004
0.273732243,14/11/2004
0.265084237,15/11/2004
0.256765169,16/11/2004
0.248881332,17/11/2004
0.241410461,18/11/2004
0.234329271,19/11/2004
0.225738783,20/11/2004
0.21629246,21/11/2004
0.206353162,22/11/2004
0.197267696,23/11/2004
0.190765353,24/11/2004
0.184500515,25/11/2004
0.176958269,26/11/2004
0.166356887,27/11/2004
0.155646298,28/11/2004
0.145147831,29/11/2004
0.136649904,30/11/2004
0.131452091,01/12/2004
0.126518303,02/12/2004
0.121827772,03/12/2004
0.117342832,04/12/2004
0.113025264,05/12/2004
0.107334548,06/12/2004
0.099337676,07/12/2004
0.092249964,08/12/2004
0.086242701,09/12/2004
0.082753086,10/12/2004
0.079728875,11/12/2004
0.076887399,12/12/2004
0.074206681,13/12/2004
0.071058497,14/12/2004
0.067462454,15/12/2004
0.064689939,16/12/2004
0.062594577,17/12/2004
0.060709729,18/12/2004
0.058953225,19/12/2004
0.057385619,20/12/2004
0.056113502,21/12/2004
0.05510448,22/12/2004
0.054343292,23/12/2004
0.053800517,24/12/2004
0.053426601,25/12/2004
0.053147143,26/12/2004
0.052865476,27/12/2004
0.052484805,28/12/2004
0.05196875,29/12/2004
0.051343798,30/12/2004
0.050634851,01/01/2005
0.049968578,02/01/2005
0.049298296,03/01/2005
0.048579825,04/01/2005
0.047996602,05/01/2005
0.047791131,06/01/2005
0.047683279,07/01/2005
0.047667366,08/01/2005
0.046880759,09/01/2005
0.045866256,10/01/2005
0.044683207,11/01/2005
0.043352712,12/01/2005
0.0419146,13/01/2005
0.040988101,14/01/2005
0.040935327,15/01/2005
0.04089736,16/01/2005
0.040807385,17/01/2005
0.03928802,18/01/2005
0.037550446,19/01/2005
0.035709052,20/01/2005
0.033804169,21/01/2005
0.033372861,22/01/2005
0.032956632,23/01/2005
0.032409556,24/01/2005
0.031223692,25/01/2005
0.029289436,26/01/2005
0.027409295,27/01/2005
0.025637875,28/01/2005
0.024021711,29/01/2005
0.02337153,30/01/2005
0.022757806,31/01/2005
0.022088512,01/02/2005
0.021341045,02/02/2005
0.020301113,03/02/2005
0.019064562,04/02/2005
0.018047771,05/02/2005
0.017184694,06/02/2005
0.016236481,07/02/2005
0.01520288,08/02/2005
0.014213826,09/02/2005
0.013329628,10/02/2005
0.012607006,11/02/2005
0.012082336,12/02/2005
0.011443573,13/02/2005
0.010771821,14/02/2005
0.010088371,15/02/2005
0.009674071,16/02/2005
0.009864671,17/02/2005
0.010468863,18/02/2005
0.010793339,19/02/2005
0.010349591,20/02/2005
0.009905123,21/02/2005
0.009529566,22/02/2005
0.010248583,23/02/2005
0.012546654,24/02/2005
0.015395232,25/02/2005
0.017340676,26/02/2005
0.017968099,27/02/2005
0.018864954,28/02/2005
0.020115123,01/03/2005
0.023022021,02/03/2005
0.027745528,03/03/2005
0.032818893,04/03/2005
0.036627985,05/03/2005
0.039028122,06/03/2005
0.041621436,07/03/2005
0.047257131,08/03/2005
0.05308648,09/03/2005
0.058982035,10/03/2005
0.063482548,11/03/2005
0.06663459,12/03/2005
0.069942422,13/03/2005
0.073424061,14/03/2005
0.077101426,15/03/2005
0.08100055,16/03/2005
0.085149418,17/03/2005
0.089573259,18/03/2005
0.094285647,19/03/2005
0.099275164,20/03/2005
0.104494029,21/03/2005
0.109870523,22/03/2005
0.115964177,23/03/2005
0.122449765,24/03/2005
0.12862504,25/03/2005
0.134436294,26/03/2005
0.139938417,27/03/2005
0.145504385,28/03/2005
0.150921948,29/03/2005
0.155837364,30/03/2005
0.160446919,31/03/2005
0.164751517,01/04/2005
0.168745462,02/04/2005
0.174031874,03/04/2005
0.179399959,04/04/2005
0.184741361,05/04/2005
0.190011989,06/04/2005
0.193025159,07/04/2005
0.195746289,08/04/2005
0.20059784,09/04/2005
0.20537898,10/04/2005
0.209992625,11/04/2005
0.213034968,12/04/2005
0.214340583,13/04/2005
0.21527792,14/04/2005
0.215904623,15/04/2005
0.219228215,16/04/2005
0.222321944,17/04/2005
0.225006722,18/04/2005
0.227140107,19/04/2005
0.227490776,20/04/2005
0.226307964,21/04/2005
0.224907189,22/04/2005
0.223360772,23/04/2005
0.223831196,24/04/2005
0.223881733,25/04/2005
0.223532329,26/04/2005
0.221205269,27/04/2005
0.218634565,28/04/2005
0.215820301,29/04/2005
0.212844613,30/04/2005
0.211366323,01/05/2005
0.209547825,02/05/2005
0.207346316,03/05/2005
0.204725174,04/05/2005
0.201664778,05/05/2005
0.198164335,06/05/2005
0.193866388,07/05/2005
0.189431907,08/05/2005
0.184907584,09/05/2005
0.18040852,10/05/2005
0.175640379,11/05/2005
0.170545668,12/05/2005
0.165277369,13/05/2005
0.15997191,14/05/2005
0.154924628,15/05/2005
0.149926089,16/05/2005
0.145012894,17/05/2005
0.139548358,18/05/2005
0.134120908,19/05/2005
0.1289988,20/05/2005
0.124312308,21/05/2005
0.119781086,22/05/2005
0.115430252,23/05/2005
0.110057817,24/05/2005
0.104603639,25/05/2005
0.099181975,26/05/2005
0.093901029,27/05/2005
0.088767895,28/05/2005
0.085174522,29/05/2005
0.081615809,30/05/2005
0.078050014,31/05/2005
0.074494302,01/06/2005
0.070981742,02/06/2005
0.066559295,03/06/2005
0.062217372,04/06/2005
0.058071205,05/06/2005
0.054256903,06/06/2005
0.050880737,07/06/2005
0.047958082,08/06/2005
0.045093593,09/06/2005
0.04210554,10/06/2005
0.03903688,11/06/2005
0.035966977,12/06/2005
0.03297309,13/06/2005
0.030115509,14/06/2005
0.027619097,15/06/2005
0.025570966,16/06/2005
0.023837233,17/06/2005
0.022381227,18/06/2005
0.020559995,19/06/2005
0.018526147,20/06/2005
0.017066367,21/06/2005
0.015787255,22/06/2005
0.014379415,23/06/2005
0.012856995,24/06/2005
0.011305532,25/06/2005
0.01062123,26/06/2005
0.010282858,27/06/2005
0.010169294,28/06/2005
0.009843674,29/06/2005
0.009308418,30/06/2005
0.009407374,01/07/2005
0.010043857,02/07/2005
0.010718641,03/07/2005
0.011469393,04/07/2005
0.012352669,05/07/2005
0.013270684,06/07/2005
0.014249029,07/07/2005
0.015477768,08/07/2005
0.017012053,09/07/2005
0.018879504,10/07/2005
0.020968502,11/07/2005
0.023364912,12/07/2005
0.026301943,13/07/2005
0.029019583,14/07/2005
0.031935088,15/07/2005
0.0350575,16/07/2005
0.039296861,17/07/2005
0.044331472,18/07/2005
0.050065606,19/07/2005
0.056287772,20/07/2005
0.062791027,21/07/2005
0.069419154,22/07/2005
0.075271416,23/07/2005
0.080492161,24/07/2005
0.085933661,25/07/2005
0.092444503,26/07/2005
0.100124859,27/07/2005
0.108373926,28/07/2005
0.117155003,29/07/2005
0.126281538,30/07/2005
0.134395004,31/07/2005
0.141525298,01/08/2005
0.148810667,02/08/2005
0.157475203,03/08/2005
0.167599703,04/08/2005
0.178009832,05/08/2005
0.1885048,06/08/2005
0.197740966,07/08/2005
0.205919094,08/08/2005
0.214164384,09/08/2005
0.222503703,10/08/2005
0.232800367,11/08/2005
0.242679291,12/08/2005
0.251628003,13/08/2005
0.260253868,14/08/2005
0.269101226,15/08/2005
0.278135915,16/08/2005
0.286942887,17/08/2005
0.294629724,18/08/2005
0.301340259,19/08/2005
0.308502725,20/08/2005
0.317061505,21/08/2005
0.325683919,22/08/2005
0.334062074,23/08/2005
0.341955395,24/08/2005
0.34470984,25/08/2005
0.346512364,26/08/2005
0.347519395,27/08/2005
0.347929101,28/08/2005
0.352994709,29/08/2005
0.357555427,30/08/2005
0.35649664,31/08/2005
0.354939791,01/09/2005
0.352919019,02/09/2005
0.355637044,03/09/2005
0.357815273,04/09/2005
0.359313452,05/09/2005
0.357886063,06/09/2005
0.353703914,07/09/2005
0.34905085,08/09/2005
0.346295276,09/09/2005
0.345209143,10/09/2005
0.343369741,11/09/2005
0.340766068,12/09/2005
0.334145977,13/09/2005
0.327121529,14/09/2005
0.319795782,15/09/2005
0.312366672,16/09/2005
0.307447557,17/09/2005
0.301773564,18/09/2005
0.29530273,19/09/2005
0.28801653,20/09/2005
0.27912769,21/09/2005
0.270207278,22/09/2005
0.261292064,23/09/2005
0.252221044,24/09/2005
0.242409565,25/09/2005
0.232040335,26/09/2005
0.221922358,27/09/2005
0.212505817,28/09/2005
0.203240206,29/09/2005
0.194235845,30/09/2005
0.183141533,01/10/2005
0.171993545,02/10/2005
0.16096614,03/10/2005
0.152668791,04/10/2005
0.144650183,05/10/2005
0.136903341,06/10/2005
0.128032514,07/10/2005
0.117938176,08/10/2005
0.108201881,09/10/2005
0.098854145,10/10/2005
0.092580946,11/10/2005
0.086654055,12/10/2005
0.081092876,13/10/2005
0.075881224,14/10/2005
0.070984546,15/10/2005
0.066363838,16/10/2005
0.061983651,17/10/2005
0.057815144,18/10/2005
0.050970173,19/10/2005
0.044399436,20/10/2005
0.038228891,21/10/2005
0.032541338,22/10/2005
0.02729536,23/10/2005
0.024556893,24/10/2005
0.022113349,25/10/2005
0.020008877,26/10/2005
0.018211239,27/10/2005
0.016657774,28/10/2005
0.015283168,29/10/2005
0.012951147,30/10/2005
0.009804849,31/10/2005
0.007067386,01/11/2005
0.004864804,02/11/2005
0.003335565,03/11/2005
0.002588888,04/11/2005
0.002625492,05/11/2005
0.0031023,06/11/2005
0.003676837,07/11/2005
0.004494,08/11/2005
0.005503377,09/11/2005
0.006718218,10/11/2005
0.008274337,11/11/2005
0.009821728,12/11/2005
0.011224342,13/11/2005
0.01269785,14/11/2005
0.014828957,15/11/2005
0.017142386,16/11/2005
0.019587228,17/11/2005
0.021656617,18/11/2005
0.023191841,19/11/2005
0.024653694,20/11/2005
0.025984232,21/11/2005
0.028638943,22/11/2005
0.031396815,23/11/2005
0.034056833,24/11/2005
0.036390964,25/11/2005
0.038255489,26/11/2005
0.03908571,27/11/2005
0.039787545,28/11/2005
0.040366882,29/11/2005
0.041282531,30/11/2005
0.042348134,01/12/2005
0.043140435,02/12/2005
0.043462144,03/12/2005
0.043702525,04/12/2005
0.04387487,05/12/2005
0.043993095,06/12/2005
0.044337491,07/12/2005
0.044951182,08/12/2005
0.045569026,09/12/2005
0.046174701,10/12/2005
0.046749424,11/12/2005
0.047280283,12/12/2005
0.047778702,13/12/2005
0.04761378,14/12/2005
0.04741109,15/12/2005
0.047495359,16/12/2005
0.047899632,17/12/2005
0.048298325,18/12/2005
0.048669346,19/12/2005
0.048989095,20/12/2005
0.048856395,21/12/2005
0.048283297,22/12/2005
0.047671853,23/12/2005
0.047044507,24/12/2005
0.046422972,25/12/2005
0.046323526,26/12/2005
0.046113228,27/12/2005
0.045763777,28/12/2005
0.045262947,29/12/2005
0.044433818,30/12/2005
0.043613527,31/12/2005
0.04279684,01/01/2006
0.041992509,02/01/2006
0.041209463,03/01/2006
0.040452721,04/01/2006
0.039685063,05/01/2006
0.038819117,06/01/2006
0.037875374,07/01/2006
0.037118534,08/01/2006
0.036350067,09/01/2006
0.035560678,10/01/2006
0.034655909,11/01/2006
0.033614502,12/01/2006
0.032535887,13/01/2006
0.031584118,14/01/2006
0.030782559,15/01/2006
0.02997786,16/01/2006
0.029034438,17/01/2006
0.027924184,18/01/2006
0.026806675,19/01/2006
0.025709665,20/01/2006
0.024834402,21/01/2006
0.024172621,22/01/2006
0.023536804,23/01/2006
0.022927684,24/01/2006
0.021999953,25/01/2006
0.021123119,26/01/2006
0.020301901,27/01/2006
0.019801827,28/01/2006
0.01931348,29/01/2006
0.018833008,30/01/2006
0.018358525,31/01/2006
0.017671101,01/02/2006
0.017026534,02/02/2006
0.016433431,03/02/2006
0.01601782,04/02/2006
0.015579772,05/02/2006
0.015113918,06/02/2006
0.01462595,07/02/2006
0.014202412,08/02/2006
0.013859394,09/02/2006
0.01360197,10/02/2006
0.013161873,11/02/2006
0.012699857,12/02/2006
0.012228917,13/02/2006
0.011762106,14/02/2006
0.011590239,15/02/2006
0.011462458,16/02/2006
0.011351338,17/02/2006
0.010894829,18/02/2006
0.010457348,19/02/2006
0.01004455,20/02/2006
0.009779695,21/02/2006
0.009605051,22/02/2006
0.00938051,23/02/2006
0.009129682,24/02/2006
0.008783629,25/02/2006
0.008497417,26/02/2006
0.008278189,27/02/2006
0.008098867,28/02/2006
0.007940952,01/03/2006
0.007823871,02/03/2006
0.007734314,03/03/2006
0.007680432,04/03/2006
0.007709034,05/03/2006
0.007814532,06/03/2006
0.007883964,07/03/2006
0.007864825,08/03/2006
0.007835357,09/03/2006
0.007790184,10/03/2006
0.007724913,11/03/2006
0.007637628,12/03/2006
0.007530578,13/03/2006
0.007411006,14/03/2006
0.007565272,15/03/2006
0.008025564,16/03/2006
0.008511171,17/03/2006
0.009001009,18/03/2006
0.00947813,19/03/2006
0.009525313,20/03/2006
0.009595665,21/03/2006
0.009699347,22/03/2006
0.009848966,23/03/2006
0.010057777,24/03/2006
0.010335272,25/03/2006
0.010818422,26/03/2006
0.011439502,27/03/2006
0.012054425,28/03/2006
0.01266073,29/03/2006
0.013170005,30/03/2006
0.01363729,31/03/2006
0.014161802,01/04/2006
0.014736603,02/04/2006
0.015340871,03/04/2006
0.015945613,04/04/2006
0.016557359,05/04/2006
0.017179873,06/04/2006
0.017804983,07/04/2006
0.01840941,08/04/2006
0.019024945,09/04/2006
0.019632785,10/04/2006
0.020224132,11/04/2006
0.020798406,12/04/2006
0.021346869,13/04/2006
0.021891454,14/04/2006
0.022418012,15/04/2006
0.022905323,16/04/2006
0.023347044,17/04/2006
0.023855445,18/04/2006
0.024377392,19/04/2006
0.024909374,20/04/2006
0.02535861,21/04/2006
0.025671355,22/04/2006
0.025931159,23/04/2006
0.026141395,24/04/2006
0.026635212,25/04/2006
0.027148079,26/04/2006
0.027655566,27/04/2006
0.028128627,28/04/2006
0.028358307,29/04/2006
0.028330159,30/04/2006
0.028231879,01/05/2006
0.028073533,02/05/2006
0.027871175,03/05/2006
0.02807742,04/05/2006
0.028227054,05/05/2006
0.028106489,06/05/2006
0.027657481,07/05/2006
0.027019419,08/05/2006
0.026959389,09/05/2006
0.026834835,10/05/2006
0.026634145,11/05/2006
0.02635215,12/05/2006
0.025661305,13/05/2006
0.024329309,14/05/2006
0.022575396,15/05/2006
0.020524605,16/05/2006
0.019911154,17/05/2006
0.019200411,18/05/2006
0.018383633,19/05/2006
0.017459724,20/05/2006
0.016440296,21/05/2006
0.015347815,22/05/2006
0.013459751,23/05/2006
0.009984014,24/05/2006
0.00505947,25/05/2006
0,26/05/2006
0,27/05/2006
0,28/05/2006
0,29/05/2006
0,30/05/2006
0,31/05/2006
0,01/06/2006
0,02/06/2006
0,03/06/2006
0,04/06/2006
0,05/06/2006
0,06/06/2006
0,07/06/2006
0,08/06/2006
0,09/06/2006
0,10/06/2006
0,11/06/2006
0,12/06/2006
0,13/06/2006
0,14/06/2006
0,15/06/2006
0,16/06/2006
0,17/06/2006
0,18/06/2006
0,19/06/2006
0,20/06/2006
0,21/06/2006
0,22/06/2006
0.006693609,23/06/2006
0.015302423,24/06/2006
0.024684738,25/06/2006
0.034893689,26/06/2006
0.054770105,27/06/2006
0.076576759,28/06/2006
0.100160124,29/06/2006
0.119879643,30/06/2006
0.135269546,01/07/2006
0.15158338,02/07/2006
0.169049321,03/07/2006
0.193299669,04/07/2006
0.22491541,05/07/2006
0.258700702,06/07/2006
0.293947492,07/07/2006
0.317704557,08/07/2006
0.342762304,09/07/2006
0.369182011,10/07/2006
0.402884403,11/07/2006
0.443247114,12/07/2006
0.483748705,13/07/2006
0.523524286,14/07/2006
0.554991273,15/07/2006
0.587470961,16/07/2006
0.620689423,17/07/2006
0.657620167,18/07/2006
0.696032987,19/07/2006
0.731815732,20/07/2006
0.764817704,21/07/2006
0.797187587,22/07/2006
0.831311993,23/07/2006
0.865749763,24/07/2006
0.900548547,25/07/2006
0.928167929,26/07/2006
0.953701767,27/07/2006
0.977585758,28/07/2006
1.011428411,29/07/2006
1.046142808,30/07/2006
1.081433001,31/07/2006
1.117033736,01/08/2006
1.144541685,02/08/2006
1.163310032,03/08/2006
1.182250255,04/08/2006
1.201719329,05/08/2006
1.227873765,06/08/2006
1.260423998,07/08/2006
1.292507044,08/08/2006
1.323148148,09/08/2006
1.346037858,10/08/2006
1.364194267,11/08/2006
1.384739415,12/08/2006
1.407261591,13/08/2006
1.432438576,14/08/2006
1.455584047,15/08/2006
1.478574904,16/08/2006
1.503128098,17/08/2006
1.528590923,18/08/2006
1.548567215,19/08/2006
1.566479749,20/08/2006
1.582132252,21/08/2006
1.60644546,22/08/2006
1.630382094,23/08/2006
1.653210271,24/08/2006
1.674210424,25/08/2006
1.692941912,26/08/2006
1.703614277,27/08/2006
1.712382969,28/08/2006
1.719111049,29/08/2006
1.728543744,30/08/2006
1.739813066,31/08/2006
1.745552636,01/09/2006
1.747118307,02/09/2006
1.747428081,03/09/2006
1.746739789,04/09/2006
1.748979821,05/09/2006
1.747118595,06/09/2006
1.741390261,07/09/2006
1.732498493,08/09/2006
1.7212299,09/09/2006
1.708241628,10/09/2006
1.694008027,11/09/2006
1.680967622,12/09/2006
1.669571907,13/09/2006
1.658025879,14/09/2006
1.646543128,15/09/2006
1.635198179,16/09/2006
1.613979029,17/09/2006
1.590772979,18/09/2006
1.565297804,19/09/2006
1.537992973,20/09/2006
1.509518741,21/09/2006
1.480484758,22/09/2006
1.451346048,23/09/2006
1.431556916,24/09/2006
1.411470092,25/09/2006
1.385394469,26/09/2006
1.353035747,27/09/2006
1.319147977,28/09/2006
1.284047358,29/09/2006
1.248487535,30/09/2006
1.217904222,01/10/2006
1.191349911,02/10/2006
1.16371594,03/10/2006
1.135019904,04/10/2006
1.097286189,05/10/2006
1.06312066,06/10/2006
1.031737951,07/10/2006
0.999211919,08/10/2006
0.965496326,09/10/2006
0.928069244,10/10/2006
0.887784652,11/10/2006
0.847715765,12/10/2006
0.80897708,13/10/2006
0.772319555,14/10/2006
0.737964356,15/10/2006
0.705788277,16/10/2006
0.675523328,17/10/2006
0.646878163,18/10/2006
0.619593735,19/10/2006
0.593456883,20/10/2006
0.568299132,21/10/2006
0.532367376,22/10/2006
0.495206787,23/10/2006
0.45688507,24/10/2006
0.432824494,25/10/2006
0.409632981,26/10/2006
0.387363199,27/10/2006
0.348518156,28/10/2006
0.308765511,29/10/2006
0.268665534,30/10/2006
0.228473072,31/10/2006
0.21015636,01/11/2006
0.193660687,02/11/2006
0.178880535,03/11/2006
0.154078397,04/11/2006
0.118516476,05/11/2006
0.08411441,06/11/2006
0.063695899,07/11/2006
0.056977324,08/11/2006
0.051235641,09/11/2006
0.035431466,10/11/2006
0.011183952,11/11/2006
0,12/11/2006
0,13/11/2006
0,14/11/2006
0,15/11/2006
0,16/11/2006
0,17/11/2006
0,18/11/2006
0,19/11/2006
0,20/11/2006
0,21/11/2006
0,22/11/2006
0,23/11/2006
0,24/11/2006
0,25/11/2006
0,26/11/2006
0,27/11/2006
0.007086314,28/11/2006
0.008349024,29/11/2006
0.009568541,30/11/2006
0.010815391,01/12/2006
0.012049464,02/12/2006
0.013210491,03/12/2006
0.014251889,04/12/2006
0.015148118,05/12/2006
0.015891641,06/12/2006
0.02807214,07/12/2006
0.039929891,08/12/2006
0.051013497,09/12/2006
0.056465008,10/12/2006
0.056888584,11/12/2006
0.057343159,12/12/2006
0.066951743,13/12/2006
0.075412334,14/12/2006
0.082222551,15/12/2006
0.087328334,16/12/2006
0.087080565,17/12/2006
0.086767321,18/12/2006
0.088479548,19/12/2006
0.091520515,20/12/2006
0.093563763,21/12/2006
0.093859297,22/12/2006
0.092809616,23/12/2006
0.091612879,24/12/2006
0.090308397,25/12/2006
0.088943262,26/12/2006
0.088583253,27/12/2006
0.089101937,28/12/2006
0.089357125,29/12/2006
0.089305273,30/12/2006
0.088254313,31/12/2006
0.086436794,01/01/2007
0.085279026,02/01/2007
0.084618097,03/01/2007
0.083749235,04/01/2007
0.082693902,05/01/2007
0.080696274,06/01/2007
0.078731305,07/01/2007
0.076808477,08/01/2007
0.074946488,09/01/2007
0.073373492,10/01/2007
0.071967248,11/01/2007
0.070462406,12/01/2007
0.06874018,13/01/2007
0.06690617,14/01/2007
0.065070192,15/01/2007
0.06329656,16/01/2007
0.061508132,17/01/2007
0.059620448,18/01/2007
0.057659703,19/01/2007
0.055656622,20/01/2007
0.053718058,21/01/2007
0.051817931,22/01/2007
0.049831586,23/01/2007
0.047816078,24/01/2007
0.045813164,25/01/2007
0.043786486,26/01/2007
0.041664328,27/01/2007
0.039408559,28/01/2007
0.037056642,29/01/2007
0.035093251,30/01/2007
0.033110521,31/01/2007
0.031134637,01/02/2007
0.029200554,02/02/2007
0.027348642,03/02/2007
0.025614121,04/02/2007
0.024004542,05/02/2007
0.022135377,06/02/2007
0.019959942,07/02/2007
0.017874855,08/02/2007
0.01594486,09/02/2007
0.014490395,10/02/2007
0.013025172,11/02/2007
0.011562671,12/02/2007
0.010127369,13/02/2007
0.008752479,14/02/2007
0.00746206,15/02/2007
0.006219222,16/02/2007
0.004739209,17/02/2007
0.003623537,18/02/2007
0.002874279,19/02/2007
0.002461089,20/02/2007
0.001484158,21/02/2007
0.000484695,22/02/2007
0,23/02/2007
0,24/02/2007
0,25/02/2007
0,26/02/2007
0,27/02/2007
0.00123724,28/02/2007
0.001461508,01/03/2007
0.002441907,02/03/2007
0.004178156,03/03/2007
0.006045698,04/03/2007
0.007990878,05/03/2007
0.008873441,06/03/2007
0.009849641,07/03/2007
0.010927104,08/03/2007
0.012116228,09/03/2007
0.013430928,10/03/2007
0.01488945,11/03/2007
0.01651481,12/03/2007
0.018333845,13/03/2007
0.020372871,14/03/2007
0.02264723,15/03/2007
0.025142449,16/03/2007
0.028060186,17/03/2007
0.031057727,18/03/2007
0.033681281,19/03/2007
0.035956343,20/03/2007
0.037979224,21/03/2007
0.040866989,22/03/2007
0.043813527,23/03/2007
0.046815709,24/03/2007
0.048832799,25/03/2007
0.051174959,26/03/2007
0.054104902,27/03/2007
0.057305174,28/03/2007
0.060568035,29/03/2007
0.063890868,30/03/2007
0.067416748,31/03/2007
0.07194071,01/04/2007
0.077375835,02/04/2007
0.082344208,03/04/2007
0.086429343,04/04/2007
0.090621862,05/04/2007
0.096222823,06/04/2007
0.103559827,07/04/2007
0.111299448,08/04/2007
0.119148703,09/04/2007
0.124286858,10/04/2007
0.129486486,11/04/2007
0.134678024,12/04/2007
0.141365473,13/04/2007
0.149350782,14/04/2007
0.156992397,15/04/2007
0.164147308,16/04/2007
0.170716204,17/04/2007
0.176300011,18/04/2007
0.181320729,19/04/2007
0.186210439,20/04/2007
0.190915552,21/04/2007
0.19549866,22/04/2007
0.200327211,23/04/2007
0.204269974,24/04/2007
0.208502726,25/04/2007
0.212909353,26/04/2007
0.217513051,27/04/2007
0.222310581,28/04/2007
0.227242819,29/04/2007
0.232159569,30/04/2007
0.236816101,01/05/2007
0.24099701,02/05/2007
0.240724145,03/05/2007
0.238437004,04/05/2007
0.234398806,05/05/2007
0.229289393,06/05/2007
0.227047984,07/05/2007
0.227632579,08/05/2007
0.227595638,09/05/2007
0.220413948,10/05/2007
0.212236203,11/05/2007
0.203186773,12/05/2007
0.201298228,13/05/2007
0.198971809,14/05/2007
0.192535643,15/05/2007
0.182080599,16/05/2007
0.171697354,17/05/2007
0.164982727,18/05/2007
0.161160756,19/05/2007
0.15702447,20/05/2007
0.152796708,21/05/2007
0.148745715,22/05/2007
0.14208793,23/05/2007
0.133036668,24/05/2007
0.124330263,25/05/2007
0.116348728,26/05/2007
0.111319531,27/05/2007
0.1085131,28/05/2007
0.10420853,29/05/2007
0.100082439,30/05/2007
0.098678121,31/05/2007
0.098247256,01/06/2007
0.096279906,02/06/2007
0.0939915,03/06/2007
0.091670221,04/06/2007
0.089471978,05/06/2007
0.096429344,06/06/2007
0.107633878,07/06/2007
0.122633174,08/06/2007
0.140316599,09/06/2007
0.143179226,10/06/2007
0.146445,11/06/2007
0.150328266,12/06/2007
0.174223684,13/06/2007
0.199940244,14/06/2007
0.226804633,15/06/2007
0.253812557,16/06/2007
0.26394232,17/06/2007
0.274973376,18/06/2007
0.28713942,19/06/2007
0.316714078,20/06/2007
0.344446773,21/06/2007
0.365101755,22/06/2007
0.381515823,23/06/2007
0.399524057,24/06/2007
0.419250858,25/06/2007
0.444568938,26/06/2007
0.466227074,27/06/2007
0.484453565,28/06/2007
0.502865289,29/06/2007
0.524810162,30/06/2007
0.548270891,01/07/2007
0.57324734,02/07/2007
0.583929326,03/07/2007
0.585885502,04/07/2007
0.579075355,05/07/2007
0.566342357,06/07/2007
0.587699946,07/07/2007
0.609896143,08/07/2007
0.632582541,09/07/2007
0.655387193,10/07/2007
0.634249986,11/07/2007
0.615321585,12/07/2007
0.601673217,13/07/2007
0.607273432,14/07/2007
0.626856556,15/07/2007
0.646002563,16/07/2007
0.653454329,17/07/2007
0.65876739,18/07/2007
0.677427595,19/07/2007
0.708330265,20/07/2007
0.748848677,21/07/2007
0.796128933,22/07/2007
0.847725031,23/07/2007
0.877614265,24/07/2007
0.90712911,25/07/2007
0.936214101,26/07/2007
0.981461808,27/07/2007
1.04657618,28/07/2007
1.116939153,29/07/2007
1.191101684,30/07/2007
1.228322777,31/07/2007
1.265871348,01/08/2007
1.303798958,02/08/2007
1.342202572,03/08/2007
1.405074602,04/08/2007
1.493004869,05/08/2007
1.580969974,06/08/2007
1.665643262,07/08/2007
1.744158152,08/08/2007
1.803309557,09/08/2007
1.848745568,10/08/2007
1.894060141,11/08/2007
1.959167254,12/08/2007
2.016206325,13/08/2007
2.065296661,14/08/2007
2.106320963,15/08/2007
2.147003838,16/08/2007
2.186890071,17/08/2007
2.224162446,18/08/2007
2.253063827,19/08/2007
2.274249114,20/08/2007
2.29794381,21/08/2007
2.329604525,22/08/2007
2.361329828,23/08/2007
2.393514058,24/08/2007
2.394209874,25/08/2007
2.38902717,26/08/2007
2.379107055,27/08/2007
2.38421029,28/08/2007
2.408257615,29/08/2007
2.433492285,30/08/2007
2.458668926,31/08/2007
2.482342809,01/09/2007
2.478864865,02/09/2007
2.447933815,03/09/2007
2.414707848,04/09/2007
2.380149825,05/09/2007
2.367641981,06/09/2007
2.376399636,07/09/2007
2.359813085,08/09/2007
2.317650135,09/09/2007
2.273341346,10/09/2007
2.227545653,11/09/2007
2.181270806,12/09/2007
2.135322977,13/09/2007
2.106175845,14/09/2007
2.090451919,15/09/2007
2.069720587,16/09/2007
2.042384741,17/09/2007
2.007173686,18/09/2007
1.946073553,19/09/2007
1.88375524,20/09/2007
1.819807006,21/09/2007
1.755122517,22/09/2007
1.690826397,23/09/2007
1.627812487,24/09/2007
1.566630767,25/09/2007
1.505042345,26/09/2007
1.435599365,27/09/2007
1.358162281,28/09/2007
1.284962825,29/09/2007
1.223012507,30/09/2007
1.161387194,01/10/2007
1.086489255,02/10/2007
0.992801695,03/10/2007
0.893358865,04/10/2007
0.813458655,05/10/2007
0.758066602,06/10/2007
0.704701039,07/10/2007
0.653852071,08/10/2007
0.605791292,09/10/2007
0.560502411,10/10/2007
0.517779088,11/10/2007
0.477340275,12/10/2007
0.438905825,13/10/2007
0.402231692,14/10/2007
0.366789557,15/10/2007
0.292362978,16/10/2007
0.219773338,17/10/2007
0.150943939,18/10/2007
0.087321444,19/10/2007
0.06177999,20/10/2007
0.037969137,21/10/2007
0.016224558,22/10/2007
0,23/10/2007
0,24/10/2007
0,25/10/2007
0,26/10/2007
0,27/10/2007
0,28/10/2007
0,29/10/2007
0,30/10/2007
0,31/10/2007
0,01/11/2007
0,02/11/2007
0,03/11/2007
0,04/11/2007
0,05/11/2007
0,06/11/2007
0,07/11/2007
0,08/11/2007
0,09/11/2007
0,10/11/2007
0,11/11/2007
0,12/11/2007
0,13/11/2007
0,14/11/2007
0,15/11/2007
0,16/11/2007
0,17/11/2007
0,18/11/2007
0,19/11/2007
0.001300601,20/11/2007
0.019302795,21/11/2007
0.030460124,22/11/2007
0.033944242,23/11/2007
0.03415547,24/11/2007
0.034341905,25/11/2007
0.034902755,26/11/2007
0.040497093,27/11/2007
0.044236579,28/11/2007
0.04589144,29/11/2007
0.045965178,30/11/2007
0.045681958,01/12/2007
0.045398158,02/12/2007
0.045128647,03/12/2007
0.044880587,04/12/2007
0.044633579,05/12/2007
0.044298127,06/12/2007
0.043883501,07/12/2007
0.043467412,08/12/2007
0.043345933,09/12/2007
0.043276448,10/12/2007
0.043263386,11/12/2007
0.043271191,12/12/2007
0.04304207,13/12/2007
0.042918899,14/12/2007
0.042929037,15/12/2007
0.043097099,16/12/2007
0.043437614,17/12/2007
0.043945983,18/12/2007
0.04432722,19/12/2007
0.044588187,20/12/2007
0.044901602,21/12/2007
0.045428426,22/12/2007
0.046141757,23/12/2007
0.046905159,24/12/2007
0.04762702,25/12/2007
0.047931306,26/12/2007
0.048271721,27/12/2007
0.048665575,28/12/2007
0.049295608,29/12/2007
0.049835593,30/12/2007
0.050248001,31/12/2007
0.050512642,01/01/2008
0.050672803,02/01/2008
0.050913132,03/01/2008
0.051131039,04/01/2008
0.051310152,05/01/2008
0.051433708,06/01/2008
0.051463963,07/01/2008
0.051454222,08/01/2008
0.051404456,09/01/2008
0.051383965,10/01/2008
0.051218622,11/01/2008
0.051004336,12/01/2008
0.050769603,13/01/2008
0.050459449,14/01/2008
0.050035916,15/01/2008
0.049297521,16/01/2008
0.048168924,17/01/2008
0.046712297,18/01/2008
0.045775606,19/01/2008
0.045191407,20/01/2008
0.04456406,21/01/2008
0.043755603,22/01/2008
0.041823628,23/01/2008
0.039630054,24/01/2008
0.037238488,25/01/2008
0.035868628,26/01/2008
0.035107433,27/01/2008
0.034368421,28/01/2008
0.033665708,29/01/2008
0.031771571,30/01/2008
0.029001857,31/01/2008
0.025935725,01/02/2008
0.023071106,02/02/2008
0.022355665,03/02/2008
0.021645682,04/02/2008
0.020967692,05/02/2008
0.020349004,06/02/2008
0.019797175,07/02/2008
0.018814997,08/02/2008
0.015269767,09/02/2008
0.011495945,10/02/2008
0.007612162,11/02/2008
0.005782619,12/02/2008
0.004761877,13/02/2008
0.003448472,14/02/2008
0.001852115,15/02/2008
6.66E-05,16/02/2008
0,17/02/2008
0,18/02/2008
0,19/02/2008
0,20/02/2008
0,21/02/2008
0,22/02/2008
0,23/02/2008
0,24/02/2008
0,25/02/2008
0,26/02/2008
0,27/02/2008
0,28/02/2008
0,29/02/2008
0,01/03/2008
0,02/03/2008
0,03/03/2008
0,04/03/2008
0,05/03/2008
0,06/03/2008
0,07/03/2008
0,08/03/2008
0.001782421,09/03/2008
0.005517387,10/03/2008
0.013541794,11/03/2008
0.025957007,12/03/2008
0.04115923,13/03/2008
0.051210598,14/03/2008
0.058855393,15/03/2008
0.067267014,16/03/2008
0.076661183,17/03/2008
0.095257291,18/03/2008
0.119601366,19/03/2008
0.146192372,20/03/2008
0.173904564,21/03/2008
0.201663547,22/03/2008
0.228737295,23/03/2008
0.254722282,24/03/2008
0.279443947,25/03/2008
0.298364455,26/03/2008
0.316176616,27/03/2008
0.334855017,28/03/2008
0.357944307,29/03/2008
0.381769091,30/03/2008
0.404394878,31/03/2008
0.425424902,01/04/2008
0.447641548,02/04/2008
0.470984023,03/04/2008
0.495157094,04/04/2008
0.518253853,05/04/2008
0.54066296,06/04/2008
0.561919337,07/04/2008
0.585357209,08/04/2008
0.610638214,09/04/2008
0.636282527,10/04/2008
0.661540752,11/04/2008
0.67873404,12/04/2008
0.689092474,13/04/2008
0.693776464,14/04/2008
0.699868858,15/04/2008
0.718619607,16/04/2008
0.736212148,17/04/2008
0.735061501,18/04/2008
0.726444546,19/04/2008
0.715849319,20/04/2008
0.71176283,21/04/2008
0.723250752,22/04/2008
0.73372684,23/04/2008
0.743072371,24/04/2008
0.7332246,25/04/2008
0.720021472,26/04/2008
0.70841906,27/04/2008
0.699084204,28/04/2008
0.702522342,29/04/2008
0.707386629,30/04/2008
0.710978768,01/05/2008
0.713132512,02/05/2008
0.710806285,03/05/2008
0.703193047,04/05/2008
0.695912382,05/05/2008
0.688886208,06/05/2008
0.686639653,07/05/2008
0.683364698,08/05/2008
0.6782418,09/05/2008
0.671451897,10/05/2008
0.665125899,11/05/2008
0.662853242,12/05/2008
0.666223243,13/05/2008
0.669189563,14/05/2008
0.662185055,15/05/2008
0.654280257,16/05/2008
0.654922047,17/05/2008
0.676144776,18/05/2008
0.705097282,19/05/2008
0.725513643,20/05/2008
0.723437855,21/05/2008
0.721498922,22/05/2008
0.738534382,23/05/2008
0.788890542,24/05/2008
0.844088447,25/05/2008
0.901524057,26/05/2008
0.940621483,27/05/2008
0.953347896,28/05/2008
0.968099913,29/05/2008
0.985805401,30/05/2008
1.025718869,31/05/2008
1.092221547,01/06/2008
1.157227203,02/06/2008
1.219622499,03/06/2008
1.250971391,04/06/2008
1.282484674,05/06/2008
1.328162666,06/06/2008
1.386263937,07/06/2008
1.439149613,08/06/2008
1.481853008,09/06/2008
1.519376948,10/06/2008
1.559629288,11/06/2008
1.602300461,12/06/2008
1.645392608,13/06/2008
1.682326643,14/06/2008
1.713782595,15/06/2008
1.740337498,16/06/2008
1.770659615,17/06/2008
1.810583079,18/06/2008
1.851460389,19/06/2008
1.892780919,20/06/2008
1.906151835,21/06/2008
1.913268266,22/06/2008
1.914980184,23/06/2008
1.930043019,24/06/2008
1.963537461,25/06/2008
1.996162679,26/06/2008
2.02715054,27/06/2008
2.013820665,28/06/2008
1.996961873,29/06/2008
1.978403943,30/06/2008
1.998979743,01/07/2008
2.016967112,02/07/2008
2.031066778,03/07/2008
2.02152559,04/07/2008
1.988890005,05/07/2008
1.951511152,06/07/2008
1.910836687,07/07/2008
1.869816802,08/07/2008
1.863507188,09/07/2008
1.852725295,10/07/2008
1.83669355,11/07/2008
1.79979249,12/07/2008
1.749611478,13/07/2008
1.702799983,14/07/2008
1.6668109,15/07/2008
1.633825189,16/07/2008
1.597353277,17/07/2008
1.558553251,18/07/2008
1.518073132,19/07/2008
1.485567986,20/07/2008
1.460345427,21/07/2008
1.423401795,22/07/2008
1.386180905,23/07/2008
1.349484643,24/07/2008
1.338255598,25/07/2008
1.334385159,26/07/2008
1.336276024,27/07/2008
1.341946953,28/07/2008
1.32751809,29/07/2008
1.29468501,30/07/2008
1.259143896,31/07/2008
1.221426472,01/08/2008
1.182737893,02/08/2008
1.145229962,03/08/2008
1.111965215,04/08/2008
1.0859026,05/08/2008
1.0972191,06/08/2008
1.130371396,07/08/2008
1.164179188,08/08/2008
1.173333621,09/08/2008
1.17209916,10/08/2008
1.181082905,11/08/2008
1.221133647,12/08/2008
1.261064455,13/08/2008
1.299598406,14/08/2008
1.332869285,15/08/2008
1.350515737,16/08/2008
1.372177035,17/08/2008
1.398154338,18/08/2008
1.431703666,19/08/2008
1.464301775,20/08/2008
1.49280269,21/08/2008
1.518070475,22/08/2008
1.551633197,23/08/2008
1.5898346,24/08/2008
1.63176264,25/08/2008
1.657914705,26/08/2008
1.670314874,27/08/2008
1.683317229,28/08/2008
1.724266856,29/08/2008
1.766065914,30/08/2008
1.806438513,31/08/2008
1.815055375,01/09/2008
1.804383927,02/09/2008
1.789373628,03/09/2008
1.771458371,04/09/2008
1.759533017,05/09/2008
1.77987691,06/09/2008
1.795102302,07/09/2008
1.803445058,08/09/2008
1.799671297,09/09/2008
1.767687191,10/09/2008
1.734158169,11/09/2008
1.704991489,12/09/2008
1.69678282,13/09/2008
1.68541155,14/09/2008
1.669936191,15/09/2008
1.632826104,16/09/2008
1.586432779,17/09/2008
1.538583892,18/09/2008
1.49060937,19/09/2008
1.4550143,20/09/2008
1.419643399,21/09/2008
1.378814331,22/09/2008
1.331304117,23/09/2008
1.278082535,24/09/2008
1.225384845,25/09/2008
1.173519903,26/09/2008
1.118812587,27/09/2008
1.059903998,28/09/2008
0.999921898,29/09/2008
0.948311029,30/09/2008
0.898018551,01/10/2008
0.845450998,02/10/2008
0.779475167,03/10/2008
0.710850372,04/10/2008
0.640972506,05/10/2008
0.577632662,06/10/2008
0.536191383,07/10/2008
0.496945459,08/10/2008
0.45982875,09/10/2008
0.424678597,10/10/2008
0.391276734,11/10/2008
0.359408865,12/10/2008
0.32889531,13/10/2008
0.299598434,14/10/2008
0.271420941,15/10/2008
0.244295928,16/10/2008
0.210333694,17/10/2008
0.158762546,18/10/2008
0.110133442,19/10/2008
0.066165369,20/10/2008
0.042024323,21/10/2008
0.023898786,22/10/2008
0.008406505,23/10/2008
0,24/10/2008
0,25/10/2008
0,26/10/2008
0,27/10/2008
0,28/10/2008
0,29/10/2008
0,30/10/2008
0,31/10/2008
0,01/11/2008
0,02/11/2008
0,03/11/2008
0,04/11/2008
0,05/11/2008
0,06/11/2008
0,07/11/2008
0,08/11/2008
0,09/11/2008
0,10/11/2008
0,11/11/2008
0,12/11/2008
0,13/11/2008
0,14/11/2008
0,15/11/2008
0,16/11/2008
0,17/11/2008
0,18/11/2008
0,19/11/2008
0,20/11/2008
0,21/11/2008
0,22/11/2008
0,23/11/2008
0,24/11/2008
0,25/11/2008
0,26/11/2008
0,27/11/2008
0,28/11/2008
0,29/11/2008
0,30/11/2008
0,01/12/2008
0,02/12/2008
0,03/12/2008
0,04/12/2008
0,05/12/2008
0,06/12/2008
0,07/12/2008
0,08/12/2008
0,09/12/2008
0,10/12/2008
0,11/12/2008
0,12/12/2008
0,13/12/2008
0.002640798,14/12/2008
0.016021679,15/12/2008
0.029882714,16/12/2008
0.044218331,17/12/2008
0.059022971,18/12/2008
0.074291094,19/12/2008
0.090017185,20/12/2008
0.106195757,21/12/2008
0.122821353,22/12/2008
0.139888554,23/12/2008
0.157391978,24/12/2008
0.175326289,25/12/2008
0.193686193,26/12/2008
0.212466448,27/12/2008
0.231661862,28/12/2008
0.2512673,29/12/2008
0.271278069,30/12/2008
0,01/01/2009
0,02/01/2009
0,03/01/2009
0,04/01/2009
0,05/01/2009
0,06/01/2009
0,07/01/2009
0,08/01/2009
0,09/01/2009
0,10/01/2009
0,11/01/2009
0,12/01/2009
0,13/01/2009
0,14/01/2009
0,15/01/2009
0,16/01/2009
0,17/01/2009
0,18/01/2009
0,19/01/2009
0,20/01/2009
0,21/01/2009
0,22/01/2009
0,23/01/2009
0,24/01/2009
0,25/01/2009
0,26/01/2009
0,27/01/2009
0,28/01/2009
0,29/01/2009
0,30/01/2009
0,31/01/2009
0,01/02/2009
0,02/02/2009
0,03/02/2009
0,04/02/2009
0,05/02/2009
0,06/02/2009
0,07/02/2009
0,08/02/2009
0,09/02/2009
0,10/02/2009
0,11/02/2009
0,12/02/2009
0,13/02/2009
0,14/02/2009
0,15/02/2009
0,16/02/2009
0,17/02/2009
0,18/02/2009
0,19/02/2009
0,20/02/2009
0,21/02/2009
0,22/02/2009
0,23/02/2009
0,24/02/2009
0,25/02/2009
0,26/02/2009
0,27/02/2009
0,28/02/2009
0,01/03/2009
0,02/03/2009
0,03/03/2009
0,04/03/2009
0,05/03/2009
0,06/03/2009
0,07/03/2009
0,08/03/2009
0,09/03/2009
0,10/03/2009
0,11/03/2009
0,12/03/2009
0,13/03/2009
0,14/03/2009
0,15/03/2009
0,16/03/2009
0,17/03/2009
0,18/03/2009
0,19/03/2009
0,20/03/2009
0,21/03/2009
0,22/03/2009
0,23/03/2009
0,24/03/2009
0,25/03/2009
0,26/03/2009
0,27/03/2009
0,28/03/2009
0,29/03/2009
0,30/03/2009
0,31/03/2009
0,01/04/2009
0,02/04/2009
0,03/04/2009
